SealID,TOPPID,SatTagManufacturer,SatTagType,SatTagID,SatTagPTT,SatTagQC,SatTagComment,TDR1Manufacturer,TDR1Type,TDR1ID,TDR1Loc,TDR1QC,TDR1Comments,TDR1Manufacturer,TDR2Type,TDR2ID,TDR2Loc,TDR2QC,TDR2Comments,TDR1Manufacturer,TDR3Type,TDR3ID,TDR3Loc,TDR3QC,TDR3Comment,Other1,Other1Loc,Other1Comment,Other2,Other2Loc,Other2Comment,Other3,Other3Loc,Other3Comment
R881,2004001,SMRU,,,37594,,,Wildlife Computers,Mk9,0390832,Back,,,,,,,,,,,,,,,HTR,,,STT,,,,,
R57,2004002,,,,28598,,No useable data,Wildlife Computers,Mk9,0390803,Back,,,,,,,,,,,,,,,HTR,,,STT,,,,,
W1095,2004003,,,,28600,,,Wildlife Computers,Mk9,0390678,Back,,,,,,,,,,,,,,,HTR,,,STT,,,,,
99AB,2004004,,,,525061,,,Wildlife Computers,Mk9,0390795,Back,,,,,,,,,,,,,,,HTR,,,STT,,,,,
O176,2004005,,,,29733,,,Wildlife Computers,Mk9,0490019,Back,,,,,,,,,,,,,,,HTR,,,STT,,,,,
R440,2004006,,,,14755,,,Wildlife Computers,Mk9,0290114,Back,,,,,,,,,,,,,,,HTR,,,,,,,,
R445,2004007,,,,13362,,,Lotek,,2310_B2276,,,,,,,,,,,,,,,,HTR,,,,,,,,
L541,2004015,Telonics,,29733,29733,,,Wildlife Computers,Mk9,0390832,Back,,,,,,,,,,,,,,,,,,,,,,,
M857,2004016,Telonics,,23103,23103,,,Wildlife Computers,Mk9,0490019,Back,,,,,,,,,,,,,,,,,,,,,,,
R589,2004017,Wildlife Computers,SPOT,,37598,,,Wildlife Computers,Mk9,0490122,Back,,,,,,,,,,,,,,,,,,,,,,,
R797,2004018,Telonics,,28600,28600,,,Wildlife Computers,Mk9,0490115,Back,,,,,,,,,,,,,,,,,,,,,,,
R131,2004019,Telonics,,13365,13365,,,Wildlife Computers,Mk9,0490154,Back,,,,,,,,,,,,,,,,,,,,,,,
O448,2004020,Wildlife Computers,SPOT,,37593,,,Wildlife Computers,Mk9,0490156,Back,,,,,,,,,,,,,,,,,,,,,,,
M141,2004021,Wildlife Computers,SPOT,,39455,,,Wildlife Computers,Mk9,0490157,Back,,,,,,,,,,,,,,,,,,,,,,,
L563,2004022,Wildlife Computers,SPOT,,37597,,,Wildlife Computers,Mk9,0490116,Back,,,,,,,,,,,,,,,,,,,,,,,
O401,2004023,Wildlife Computers,SPOT,,37591,,,Wildlife Computers,Mk9,0490159,Back,,,,,,,,,,,,,,,,,,,,,,,
O968,2004024,Wildlife Computers,SPOT,,37592,,,Wildlife Computers,Mk9,0490124,Back,,,,,,,,,,,,,,,,,,,,,,,
MinF02,2004025,Wildlife Computers,SPOT,,39454,,,Lotek,,2310_A0315,,,,,,,,,,,,,,,,,,,,,,,,
R426,2004026,Telonics,,522198,14755,,,Lotek,,1300_B2276,,,,,,,,,,,,,,,,,,,,,,,,
R196,2004027,Wildlife Computers,SPOT,,44637,,some data gaps,Wildlife Computers,Mk9,0490160,Back,,,,,,,,,,,,,,,,,,,,,,,
N525,2004028,Wildlife Computers,SPOT,,44635,,,Wildlife Computers,Mk9,0490133,Back,,,,,,,,,,,,,,,,,,,,,,,
1595,2004029,Wildlife Computers,SPOT,,44633,,,Wildlife Computers,Mk9,0490151,Back,,,,,,,,,,,,,,,,,,,,,,,
N354,2004030,Wildlife Computers,SPOT,,44639,,,Wildlife Computers,Mk9,0490158,Back,,,,,,,,,,,,,,,,,,,,,,,
R615,2004031,SMRU,,9905,13363,,,Wildlife Computers,Mk9,0490155,Back,,,SMRU,,9905,Head,,,,,,,,,Lotek 2310_A0301,,,,,,,,
N513,2004032,Wildlife Computers,SPOT,,44632,,,Wildlife Computers,Mk9,0490117,Back,,,,,,,,,,,,,,,,,,,,,,,
O284,2004033,SMRU,,9908,14749,,weird loopy thing,Wildlife Computers,Mk9,0490132,Back,,,SMRU,,9908,Head,,,,,,,,,Lotek 2310_A0303,,,,,,,,
S152,2004034,SMRU,,1195,13365,,weird loopy thing,Wildlife Computers,Mk9,0490152,Back,,,SMRU,,1195,Head,,,,,,,,,Lotek 2310_A0313,,,,,,,,
L274,2004035,Wildlife Computers,SPOT,,39453,,,Wildlife Computers,Mk9,0490233,Back,,,,,,,,,,,,,,,,,,,,,,,
L752,2004036,SMRU,,9921,14759,,many bad locations,Wildlife Computers,Mk9,0490153,Back,,,SMRU,,9921,Head,,,,,,,,,Lotek 2310_A0300,,,,,,,,
R803,2004037,Wildlife Computers,SPOT,,39457,,weird loopy thing and also few points,Wildlife Computers,Mk9,0490231,Back,,,,,,,,,,,,,,,,,,,,,,,
2922,2004038,Wildlife Computers,Mk10,04L0006,44640,,,Wildlife Computers,Mk10,04L0006,Head,,,,,,,,,,,,,,,,,,,,,,,
2924,2004039,Wildlife Computers,Mk10,04L0008,37590,,,Wildlife Computers,Mk10,04L0008,Head,,,,,,,,,,,,,,,,,,,,,,,
O968,2005001,Wildlife Computers,SPOT,,37592,,,Wildlife Computers,Mk9,0490124,Back,,,,,,,,,,,,,,,,,,,,,,,
R792,2005002,Wildlife Computers,SPOT,,56475,,,Wildlife Computers,Mk9,0490115,Back,,,,,,,,,,,,,,,HTR,,,STT,,,,,
M807,2005003,SMRU,,10057,24178,,,Wildlife Computers,Mk9,0490122,Back,,,,,,,,,,,,,,,,,,,,,,,
N796,2005004,SMRU,CTD,10028,23104,,,Wildlife Computers,Mk9,0490116,Back,,,SMRU CTD,CTD,10028,Head,,,,,,,,,,,,,,,,,
1914,2005005,Wildlife Computers,SPOT,,56473,,,Wildlife Computers,Mk9,0490132,Back,,,,,,,,,,,,,,,HTR,,,STT,,,,,
O585,2005006,SMRU,,10059,24176,,,Wildlife Computers,Mk9,0490157,Back,,,SMRU,,10059,Head,,,,,,,,,,,,,,,,,
L868,2005007,SMRU,,10063,,,,Wildlife Computers,Mk9,0490152,Back,,,SMRU,,10063,Head,,,,,,,,,,,,,,,,,
N410,2005008,SMRU,,10061,,,,Wildlife Computers,Mk9,0490133,Back,,,SMRU,,10061,Head,,,,,,,,,,,,,,,,,
N513,2005009,Wildlife Computers,SPOT,,44632,,,Wildlife Computers,Mk9,0490117,Back,,,,,,,,,,,,,,,,,,,,,,,
1535,2005010,Wildlife Computers,SPOT,,56474,,,Wildlife Computers,Mk9,0490156,Back,,,,,,,,,,,,,,,HTR,,,,,,,,
1595,2005011,Wildlife Computers,SPOT,,44633,,,Wildlife Computers,Mk9,0490151,Back,,,,,,,,,,,,,,,,,,,,,,,
N354,2005012,Wildlife Computers,SPOT,,44639,,,Wildlife Computers,Mk9,0490158,Back,,,,,,,,,,,,,,,,,,,,,,,
M627,2005013,Wildlife Computers,SPOT,04S0651,56476,,,Wildlife Computers,Mk9,0490159,Back,,,,,,,,,,,,,,,HTR,,,STT,,,,,
R440,2005014,Wildlife Computers,SPOT,,56477,,,Wildlife Computers,Mk9,0490155,Back,,,,,,,,,,,,,,,STT,,,,,,,,
R528,2005015,Wildlife Computers,SPOT,04S0654,56479,,,Wildlife Computers,Mk9,0490160,Back,,,,,,,,,,,,,,,SST,,,,,,,,
R834,2005016,SMRU,,10060,28592,,,Wildlife Computers,Mk9,0490353,Back,,,SMRU,,10060,Head,,,,,,,,,,,,,,,,,
L274,2005017,Wildlife Computers,SPOT,,39453,,weird linear extrapolation,Wildlife Computers,Mk9,0490233,Back,,,,,,,,,,,,,,,HTR,,,STT,,,,,
O176,2005018,Wildlife Computers,SPOT,,56478,,,Wildlife Computers,Mk9,0490853,Back,,,,,,,,,,,,,,,HTR,,,STT,,,,,
W1095,2005019,SMRU,,10056,22925,,some bad locations,Wildlife Computers,Mk9,0490231,Back,,,SMRU,,10056,Head,,,,,,,,,,,,,,,,,
1913,2005020,Wildlife Computers,SPOT,,56480,,,Wildlife Computers,Mk9,0490874,Back,,,,,,,,,,,,,,,,,,,,,,,
L844,2005021,Wildlife Computers,SPOT,04S0656,56481,,,Wildlife Computers,Mk9,0490875,Back,,,,,,,,,,,,,,,,,,,,,,,
O651,2005022,Wildlife Computers,SPOT,04S0657,56482,,,Wildlife Computers,Mk9,0490876,Back,,,,,,,,,,,,,,,,,,,,,,,
K464,2005023,Wildlife Computers,SPOT,04S0658,56483,,,Wildlife Computers,Mk9,0490877,Back,,,,,,,,,,,,,,,,,,,,,,,
1544,2005024,Wildlife Computers,SPOT,04S0659,56484,,,Wildlife Computers,Mk9,0490132,Back,,,,,,,,,,,,,,,,,,,,,,,
O911,2005025,Wildlife Computers,SPOT,04S0660,56485,,,Wildlife Computers,Mk9,0490153,Back,,,,,,,,,,,,,,,,,,,,,,,
K598,2005026,Wildlife Computers,SPOT,04S0661,56486,,,Wildlife Computers,Mk9,0490850,Back,,,,,,,,,,,,,,,,,,,,,,,
L521,2005027,Wildlife Computers,SPOT,04S0662,56487,,,Wildlife Computers,Mk9,0490851,Back,,,,,,,,,,,,,,,,,,,,,,,
O55,2005028,Wildlife Computers,SPOT,04S0663,56488,,,Wildlife Computers,Mk9,0490854,Back,,,,,,,,,,,,,,,,,,,,,,,
L563,2005029,Wildlife Computers,SPOT,04S0664,56489,,,Wildlife Computers,Mk9,0490858,Back,,,,,,,,,,,,,,,,,,,,,,,
R797,2005030,Wildlife Computers,SPOT,04S0665,56490,,,Wildlife Computers,Mk9,0490117,Back,,,,,,,,,,,,,,,,,,,,,,,
O401,2005031,Wildlife Computers,SPOT,04S0666,56491,,,Wildlife Computers,Mk9,0490124,Back,,,,,,,,,,,,,,,,,,,,,,,
R848,2005032,Wildlife Computers,SPOT,,56492,,,Wildlife Computers,Mk9,0490133,Back,,,,,,,,,,,,,,,Accel,,,,,,,,
O448,2005033,Wildlife Computers,SPOT,04S0117,37591,,,Wildlife Computers,Mk9,0490152,Back,,,,,,,,,,,,,,,Accel,,,,,,,,
M141,2005034,Wildlife Computers,SPOT,04S0120,37593,,,Wildlife Computers,Mk9,0490853,Back,,,,,,,,,,,,,,,Accel,,,,,,,,
N140,2005035,SMRU,CTD,10054,22922,,where the heck are these locations (only WA/BC),Wildlife Computers,Mk9,0490116,Back,,,SMRU,CTD,10054,Head,,,,,,,,,Accel,,,,,,,,
1914,2005036,Wildlife Computers,SPOT,04S0143,39454,,,Wildlife Computers,Mk9,0490122,Back,,,,,,,,,,,,,,,Accel,,,,,,,,
S85,2005037,Wildlife Computers,SPOT,04S0148,39455,,,Wildlife Computers,Mk9,0490963,Back,,,,,,,,,,,,,,,,,,,,,,,
R459,2005038,Wildlife Computers,SPOT,04S0138,37597,,,Wildlife Computers,Mk9,0490352,Back,,,,,,,,,,,,,,,,,,,,,,,
R55,2005039,Wildlife Computers,SPOT,04S0140,37598,,,Wildlife Computers,Mk9,0490960,Back,,,,,,,,,,,,,,,,,,,,,,,
O585,2005040,Wildlife Computers,SPOT,04S0205,39456,,,Wildlife Computers,Mk9,0490155,Back,,,,,,,,,,,,,,,,,,,,,,,
R803,2005041,SMRU,,10098,28592,,some noisy locations,Wildlife Computers,Mk9,0490962,Back,,,SMRU,,10098,Head,,,,,,,,,,,,,,,,,
R528,2005042,SMRU,,10107,,,,Wildlife Computers,Mk9,0490156,Back,,,SMRU,,10107,Head,,,,,,,,,,,,,,,,,
R589,2005043,SMRU,,10110,23104,,"extrapolated end, check this. some noisy locations",Wildlife Computers,Mk9,0490966,Back,,,SMRU,,10110,Head,,,,,,,,,,,,,,,,,
3162,2005044,SMRU,,10102,,,weird loopy thing and forces end when it should not,SMRU,,10102,Head,,,,,,,,,,,,,,,,,,,,,,,
Lola,2005050,Wildlife Computers,SPOT,,59108,,"very local to San Benito, check",Wildlife Computers,Mk9,0490952,Back,,,,,,,,,,,,,,,,,,,,,,,
Kita,2005051,Wildlife Computers,SPOT,,59112,,,Wildlife Computers,Mk9,0490359,Back,,,,,,,,,,,,,,,,,,,,,,,
Pepa,2005052,Wildlife Computers,SPOT,,59114,,,Wildlife Computers,Mk9,0490951,Back,,,,,,,,,,,,,,,,,,,,,,,
Yuyu,2005053,Wildlife Computers,SPOT,,59113,,,Wildlife Computers,Mk9,0490357,Back,,,,,,,,,,,,,,,,,,,,,,,
Lupe,2005054,Wildlife Computers,SPOT,,59115,,,Wildlife Computers,Mk9,0490964,Back,,,,,,,,,,,,,,,,,,,,,,,
Sam,2005055,Wildlife Computers,SPOT,,59111,,"very local to san benito, check",Wildlife Computers,Mk9,0490955,Back,,,,,,,,,,,,,,,,,,,,,,,
Ana,2005056,Wildlife Computers,SPOT,,59116,,,Wildlife Computers,Mk9,0490965,Back,,,,,,,,,,,,,,,,,,,,,,,
Sara,2005057,Wildlife Computers,SPOT,,59110,,,Wildlife Computers,Mk9,0490360,Back,,,,,,,,,,,,,,,,,,,,,,,
Mimi,2005058,Wildlife Computers,SPOT,,59107,,,Wildlife Computers,Mk9,0490963,Back,,,,,,,,,,,,,,,,,,,,,,,
Ines,2005059,Wildlife Computers,SPOT,,59109,,weird loop and noisy locations,Wildlife Computers,Mk9,0490358,Back,,,,,,,,,,,,,,,,,,,,,,,
Yuyu,2005067,,,,,,,Wildlife Computers,Mk9,0490357,Back,,,,,,,,,,,,,,,,,,,,,,,
Lola,2006003,Wildlife Computers,SPOT,05S0066,59108,,"very local to San B, check",Wildlife Computers,Mk9,0490965,Back,,,,,,,,,,,,,,,,,,,,,,,
Lupe,2006004,Wildlife Computers,SPOT,05S0073,59115,,,Wildlife Computers,Mk9,0490962,Back,,,,,,,,,,,,,,,,,,,,,,,
Sam,2006005,Wildlife Computers,SPOT,,59111,,"very local to San B, check",Wildlife Computers,Mk9,0490966,Back,,,,,,,,,,,,,,,,,,,,,,,
Ana,2006006,Wildlife Computers,SPOT,05S0074,59116,,"very local to San B, check",Wildlife Computers,Mk9,0490358,Back,,,,,,,,,,,,,,,,,,,,,,,
Sara,2006007,Wildlife Computers,SPOT,,,,MISSING,Wildlife Computers,Mk9,0490964,Back,,,,,,,,,,,,,,,,,,,,,,,
Ines,2006008,Wildlife Computers,SPOT,,59109,,,Wildlife Computers,Mk9,0490955,Back,,,,,,,,,,,,,,,,,,,,,,,
1563,2006009,Wildlife Computers,SPOT,04S0208,44633,,,Wildlife Computers,Mk9,0490132,Back,,,,,,,,,,,,,,,HTR,,,STT,,,,,
1740,2006010,Wildlife Computers,SPOT,04S0119,37592,,,Wildlife Computers,Mk9,0490851,Back,,,,,,,,,,,,,,,HTR,,,,,,,,
1702,2006011,Wildlife Computers,SPOT,,39453,,,Wildlife Computers,Mk9,0490875,Back,,,,,,,,,,,,,,,HTR,,,,,,,,
1133,2006012,Wildlife Computers,SPOT,04S0207,44632,,,Wildlife Computers,Mk9,0490877,Back,,,,,,,,,,,,,,,,,,,,,,,
L178,2006013,SMRU,GPS,10100,13367,,,Wildlife Computers,Mk9,0490952,Back,,,SMRU,GPS,10100,Head,,,,,,,,,,,,,,,,,
1472,2006014,Wildlife Computers,SPOT,04S0215,44639,,,Wildlife Computers,Mk9,0490854,Back,,,,,,,,,,,,,,,HTR,,,Accel,,,,,
R196,2006015,SMRU,GPS,10313,60259,,,Wildlife Computers,Mk9,0490124,Back,,,SMRU,GPS,10313,Head,,,,,,,,,HTR,,,STT,,,,,
1678,2006016,SMRU,GPS,10315,60260,,,Wildlife Computers,Mk9,0490853,Back,,,SMRU,GPS,10315,Head,,,,,,,,,HTR,,,Accel,,,,,
L729,2006017,Wildlife Computers,SPOT,04S0209,44634,,,Wildlife Computers,Mk9,0490850,Back,,,,,,,,,,,,,,,HTR,,,STT,,,,,
R730,2006018,Wildlife Computers,SPOT,04S0210,44635,,,Wildlife Computers,Mk9,0490858,Back,,,,,,,,,,,,,,,HTR,,,STT,,,,,
1733,2006019,SMRU,GPS,10357,37588,,,Wildlife Computers,Mk9,0490152,Back,,,SMRU,GPS,10357,Head,,,,,,,,,HTR,,,,,,,,
M680,2006020,SMRU,GPS,10356,37587,,,Wildlife Computers,Mk9,0490117,Back,,,SMRU,GPS,10356,Head,,,,,,,,,HTR,,,,,,,,
H965,2006021,SMRU,GPS,10360,26341,,,Wildlife Computers,Mk9,0490336,Back,,,SMRU,GPS,10360,Head,,,,,,,,,,,,,,,,,
M637,2006022,Wildlife Computers,SPOT,04S0285,39456,,,Wildlife Computers,Mk9,0490879,Back,,,,,,,,,,,,,,,,,,,,,,,
J682,2006023,SMRU,GPS,10372,25966,,Missing. Argos antenna broke,Wildlife Computers,Mk9,0490158,Back,,,SMRU,GPS,10372,Head,,,,,,,,,,,,,,,,,
1885,2006024,SMRU,GPS,10362,22922,,MISSING,Wildlife Computers,Mk9,0490160,Back,,,SMRU,GPS,10362,Head,,,,,,,,,SPOT 06S0548,,,,,,,,
W1057,2006025,Wildlife Computers,SPOT,04S0214,44637,,,Wildlife Computers,Mk9,0490233,Back,,,,,,,,,,,,,,,,,,,,,,,
L840,2006026,SMRU,GPS,10373,24178,,,Wildlife Computers,Mk9,0490157,Back,,,SMRU,GPS,10373,Head,,,,,,,,,,,,,,,,,
M627,2006027,SMRU,GPS,10358,22925,,some messy locations,Wildlife Computers,Mk9,0490122,Back,,,SMRU,GPS,10358,Head,,,,,,,,,,,,,,,,,
1795,2006031,Wildlife Computers,SPOT,,39457,,,Wildlife Computers,Mk9,0490231,Back,,,,,,,,,,,,,,,,,,,,,,,
Kita,2006034,Wildlife Computers,SPOT,05S0070,39112,,"Baja, check",Wildlife Computers,Mk9,0490359,Back,,,,,,,,,,,,,,,,,,,,,,,
Mimi,2006035,Wildlife Computers,SPOT,,59107,,,Wildlife Computers,,,Back,,lost at sea,,,,,,,,,,,,,,,,,,,,,
G102,2006038,Wildlife Computers,SPOT,04S0656,56481,,,Wildlife Computers,Mk9,0490352,Back,,,,,,,,,,,,,,,,,,,,,,,
M780,2006039,Wildlife Computers,SPOT,04S0657,56482,,,Wildlife Computers,Mk9,0490360,Back,,,,,,,,,,,,,,,,,,,,,,,
1551,2006040,Wildlife Computers,Mk10,06A0175,60254,,No useable data,Wildlife Computers,Mk10,06A0175,Head,,,,,,,,,,,,,,,,,,,,,,,
O401,2006041,Wildlife Computers,SPOT,04S0663,56488,,,Wildlife Computers,Mk9,0490357,Back,,,,,,,,,,,,,,,,,,,,,,,
O448,2006042,Wildlife Computers,SPOT,04S0664,56489,,No useable data,Wildlife Computers,Mk9,0490966,Back,,,,,,,,,,,,,,,,,,,,,,,
L720,2006043,Wildlife Computers,SPOT,04S0120,37593,,,Wildlife Computers,Mk10,06A0211,Back,,,,,,,,,,,,,,,,,,,,,,,
O256,2006044,Wildlife Computers,SPOT,04S0662,56487,,check over dateline,Wildlife Computers,Mk10,06A0212,Back,,,,,,,,,,,,,,,,,,,,,,,
1196,2006045,Wildlife Computers,SPOT,04S0659,56484,,,Wildlife Computers,Mk10,06A0208,Back,,,,,,,,,,,,,,,,,,,,,,,
N17,2006046,Wildlife Computers,SPOT,04S0138,37597,,,Wildlife Computers,Mk10,06A0169,Back,,,,,,,,,,,,,,,,,,,,,,,
R575,2006047,Wildlife Computers,SPOT,04S0660,56485,,noisy locations,Wildlife Computers,Mk10,06A0209,Back,,,,,,,,,,,,,,,,,,,,,,,
1817,2006048,Wildlife Computers,SPOT,04S0658,56483,,noisy locations,Wildlife Computers,Mk10,06A0157,Back,,,,,,,,,,,,,,,,,,,,,,,
O80,2006049,Wildlife Computers,Mk10,06A0172,39454,,,Wildlife Computers,Mk10,06A0172,Head,,,,,,,,,,,,,,,,,,,,,,,
1641,2006050,Wildlife Computers,SPOT,04S0117,37591,,,Wildlife Computers,Mk10,06A0160,Back,,,,,,,,,,,,,,,,,,,,,,,
1113,2006051,Wildlife Computers,Mk10,06A0174,28596,,few locations,Wildlife Computers,Mk10,06A0174,Head,,,,,,,,,,,,,,,,,,,,,,,
O242,2006052,Wildlife Computers,Mk10,06A0173,24176,,,Wildlife Computers,Mk10,06A0173,Head,,,,,,,,,,,,,,,,,,,,,,,
1150,2006053,Wildlife Computers,Mk10,06A0079,25955,,few locations,Wildlife Computers,Mk10,06A0079,Head,,,,,,,,,,,,,,,,,,,,,,,
R749,2006054,Wildlife Computers,Mk10,06A0151,56492,,weird loopy and few locations,Wildlife Computers,Mk10,06A0151,Head,,,,,,,,,,,,,,,,,,,,,,,
M583,2006055,SMRU,GPS,10369,23099,,,Wildlife Computers,Mk10,06A0159,Back,,,SMRU,GPS,10369,Head,,,,,,,,,,,,,,,,,
1830,2006056,SMRU,GPS,10366,14753,,,Wildlife Computers,Mk10,06A0162,Back,,,SMRU,GPS,10366,Head,,,,,,,,,,,,,,,,,
1502,2006057,SMRU,GPS,10367,23097,,,Wildlife Computers,Mk10,06A0163,Back,,,SMRU,GPS,10367,Head,,,,,,,,,,,,,,,,,
W526,2006058,SMRU,GPS,10381,22921,,,Wildlife Computers,Mk10,06A0171,Back,,,SMRU,GPS,10381,Head,,,,,,,,,,,,,,,,,
M141,2006059,Wildlife Computers,SPOT,04S0665,56490,,,Wildlife Computers,Mk9,0490963,Back,,,,,,,,,,,,,,,,,,,,,,,
R299,2006060,Wildlife Computers,SPOT,06S0666,56491,,,Wildlife Computers,Mk10,06A0213,Back,,,,,,,,,,,,,,,,,,,,,,,
O564,2006061,SMRU,GPS,10365,65982,,,Wildlife Computers,Mk10,06A0360,Back,,,,,,,,,,,,,,,,,,,,,,,
Pepa,2006062,Wildlife Computers,SPOT,,59114,,few locations,Wildlife Computers,Mk9,0490951,Back,,,,,,,,,,,,,,,,,,,,,,,
1812,2007001,Wildlife Computers,SPOT,,59108,,,Wildlife Computers,Mk9,0490352,Back,,,,,,,,,,,,,,,,,,,,,,,
1623,2007002,Wildlife Computers,SPOT,04S0214,44637,,,Wildlife Computers,Mk9,0490850,Back,,,,,,,,,,,,,,,,,,,,,,,
J494,2007003,Wildlife Computers,SPOT,04S0209,44634,,"very short/coastal, check",Wildlife Computers,Mk9,0490854,Back,,,,,,,,,,,,,,,,,,,,,,,
2090,2007004,Wildlife Computers,SPOT,05S0069,59111,,,Wildlife Computers,Mk9,0490851,Back,,,,,,,,,,,,,,,,,,,,,,,
O731,2007005,Wildlife Computers,SPOT,04S0208,44633,,,Wildlife Computers,Mk9,0490357,Back,,,,,,,,,,,,,,,,,,,,,,,
M215,2007006,Wildlife Computers,SPOT,05S0070,59112,,,Wildlife Computers,Mk9,0490158,Back,,,,,,,,,,,,,,,,,,,,,,,
R94,2007007,Wildlife Computers,SPOT,05S0072,59114,,,Wildlife Computers,Mk9,0490151,Back,,,,,,,,,,,,,,,,,,,,,,,
1735,2007008,Wildlife Computers,SPOT,05S0073,59115,,,Wildlife Computers,Mk9,0490132,Back,,,,,,,,,,,,,,,,,,,,,,,
R948,2007009,Wildlife Computers,SPOT,04S0210,44635,,,Wildlife Computers,Mk9,0490122,Back,,,,,,,,,,,,,,,,,,,,,,,
R541,2007010,Wildlife Computers,SPOT,05S0071,59113,,,Wildlife Computers,Mk9,0490336,Back,,,,,,,,,,,,,,,,,,,,,,,
1901,2007011,Wildlife Computers,SPOT,05S0067,59109,,,Wildlife Computers,Mk9,0490853,Back,,,,,,,,,,,,,,,,,,,,,,,
1751,2007012,Wildlife Computers,SPOT,04S0216,44639,,No useable data,Wildlife Computers,Mk9,0490117,Back,,,,,,,,,,,,,,,,,,,,,,,
WX444,2007013,Wildlife Computers,SPOT,04S0207,44632,,,Wildlife Computers,Mk9,0490877,Back,,,,,,,,,,,,,,,,,,,,,,,
1869,2007014,Wildlife Computers,Mk10,06A0149,56480,,,Wildlife Computers,Mk10,06A0149,Head,,,,,,,,,,,,,,,,,,,,,,,
W1412,2007015,Wildlife Computers,Mk10,06A0174,28596,,,Wildlife Computers,Mk10,06A0174,Head,,,,,,,,,,,,,,,,,,,,,,,
L634,2007016,Wildlife Computers,SPOT,05S0065,59107,,,Wildlife Computers,Mk9,0490360,Back,,,,,,,,,,,,,,,,,,,,,,,
R279,2007017,Wildlife Computers,SPOT,05S0068,59110,,,Wildlife Computers,Mk9,0490963,Back,,,,,,,,,,,,,,,,,,,,,,,
1789,2007018,Wildlife Computers,SPOT,05S0074,59116,,,Wildlife Computers,Mk9,0490156,Back,,,,,,,,,,,,,,,,,,,,,,,
K562,2007019,SMRU,CTD,10575,72775,,,Wildlife Computers,Mk9,0490858,Back,,,,,,,,,,,,,,,,,,,,,,,
WX265,2007020,SMRU,CTD,10574,72771,,,Wildlife Computers,Mk9,0490157,Back,,,SMRU,CTD,10574,Head,,,,,,,,,,,,,,,,,
R999,2007030,SMRU,CTD,10587,35683,,,Wildlife Computers,Mk10,06A0212,Back,,,SMRU,CTD,10587,Head,,,,,,,,,,,,,,,,,
R697,2007031,SMRU,CTD,10585,35682,,,Wildlife Computers,Mk10,06A0213,Back,,,SMRU,CTD,10585,Head,,,,,,,,,,,,,,,,,
R949,2007032,Wildlife Computers,SPOT,04S0663,56488,,,Wildlife Computers,Mk10,06A0171,Back,,,,,,,,,,,,,,,,,,,,,,,
N981,2007033,Wildlife Computers,SPOT,04S0665,56490,,,Wildlife Computers,Mk10,06A0170,Back,,,,,,,,,,,,,,,,,,,,,,,
S217,2007034,Wildlife Computers,SPOT,04S0657,56482,,,Wildlife Computers,Mk10,06A0160,Back,,,,,,,,,,,,,,,,,,,,,,,
R299,2007035,Wildlife Computers,SPOT,04S0660,56485,,,Wildlife Computers,Mk10,06A0159,Back,,,,,,,,,,,,,,,,,,,,,,,
R736,2007036,Wildlife Computers,Mk10,07A0351,34078,,multiple trips?,Wildlife Computers,Mk9,0490152,Back,,,,,,,,,,,,,,,,,,,,,,,
K366,2007037,SMRU,CTD,10582,72774,,take a closer look,Wildlife Computers,Mk9,0490233,Back,,,SMRU,CTD,10582,Head,,,,,,,,,,,,,,,,,
O555,2007038,SMRU,CTD,10583,72772,,take a closer look,Wildlife Computers,Mk9,0490132,Back,,,SMRU,CTD,10583,Head,,,,,,,,,,,,,,,,,
J698,2007039,SMRU,CTD,10615,35690,,,Wildlife Computers,Mk9,0490158,Back,,,SMRU,CTD,10615,Head,,,,,,,,,,,,,,,,,
W364,2007040,SMRU,CTD,10613,35894,,,Wildlife Computers,Mk9,0490124,Back,,,SMRU,CTD,10613,Head,,,,,,,,,,,,,,,,,
2218,2007041,Wildlife Computers,Mk10,07A0352,34079,,,Wildlife Computers,Mk9,0490851,Back,,,,,,,,,,,,,,,,,,,,,,,
S305,2007042,Wildlife Computers,Mk10,07A0349,34076,,weird loopy thing,Wildlife Computers,Mk9,0490122,Back,,,,,,,,,,,,,,,,,,,,,,,
2221,2007043,Wildlife Computers,Mk10,07A0348,34075,,weird loopy thing,Wildlife Computers,Mk9,0490151,Back,,,,,,,,,,,,,,,,,,,,,,,
S105,2007044,Wildlife Computers,Mk10,07A0354,34082,,take a closer look,Wildlife Computers,Mk9,0490858,Back,,,,,,,,,,,,,,,,,,,,,,,
J922,2007045,Wildlife Computers,Mk10,07A0353,34081,,,Wildlife Computers,Mk9,0490853,Back,,,,,,,,,,,,,,,,,,,,,,,
1244,2007046,Wildlife Computers,Mk10,07A0356,34083,,,Wildlife Computers,Mk9,0490854,Back,,,,,,,,,,,,,,,,,,,,,,,
WX403,2007047,Wildlife Computers,Mk10,07A0346,34073,,,Wildlife Computers,Mk9,0490157,Back,,,,,,,,,,,,,,,,,,,,,,,
R148,2007048,Wildlife Computers,Mk10,07A0350,34077,,,Wildlife Computers,Mk9,0490877,Back,,,,,,,,,,,,,,,,,,,,,,,
N558,2007049,Wildlife Computers,Mk10,07A0347,34074,,,Wildlife Computers,Mk9,0490336,Back,,,,,,,,,,,,,,,,,,,,,,,
J922,2007073,Wildlife Computers,Mk10,07A0353,34081,,,Wildlife Computers,Mk9,0490853,Back,,,,,,,,,,,,,,,,,,,,,,,
M558,2008001,Wildlife Computers,SPOT,04S0648,56473,,,Wildlife Computers,Mk9,0490854,Back,,,,,,,,,,,,,,,,,,,,,,,
O284,2008002,SMRU,CTD,10794,35684,,some noisy locations,Wildlife Computers,Mk9,0490132,Back,,,SMRU,CTD,35684,Head,,,,,,,,,,,,,,,,,
WX82,2008003,SMRU,CTD,10756,35682,,,Wildlife Computers,Mk9,0490336,Back,,,SMRU,CTD,10756,Head,,,,,,,,,,,,,,,,,
O700,2008004,SMRU,CTD,10764,35683,,,Wildlife Computers,Mk9,0490122,Back,,,SMRU,CTD,10764,Head,,,,,,,,,,,,,,,,,
WX541,2008005,SMRU,CTD,10588,35894,,,Wildlife Computers,Mk9,0490877,Back,,,SMRU,CTD,10588,Head,,,,,,,,,,,,,,,,,
K350,2008006,Wildlife Computers,SPOT,04S0649,56474,,,Wildlife Computers,Mk9,0490357,Back,,,,,,,,,,,,,,,,,,,,,,,
2088,2008007,Wildlife Computers,SPOT,05S0067,59109,,,Wildlife Computers,Mk9,0490359,Back,,,,,,,,,,,,,,,,,,,,,,,
O203,2008008,Wildlife Computers,SPOT,05S0072,59114,,,Wildlife Computers,Mk9,0490360,Back,,,,,,,,,,,,,,,,,,,,,,,
R400,2008009,Wildlife Computers,SPOT,05S0069,59111,,,Wildlife Computers,Mk9,0490963,Back,,,,,,,,,,,,,,,,,,,,,,,
N268,2008010,Wildlife Computers,SPOT,05S0071,59113,,,Wildlife Computers,Mk9,0490964,Back,,,,,,,,,,,,,,,,,,,,,,,
1360,2008011,Wildlife Computers,SPOT,04S0210,44635,,,Wildlife Computers,Mk9,0490879,Back,,,,,,,,,,,,,,,,,,,,,,,
M784,2008012,Wildlife Computers,SPOT,04S0209,44634,,,Wildlife Computers,Mk9,0490965,Back,,,,,,,,,,,,,,,,,,,,,,,
2077,2008013,Wildlife Computers,SPOT,05S0070,59112,,,Wildlife Computers,Mk9,0490158,Back,,,,,,,,,,,,,,,,,,,,,,,
M778,2008014,Wildlife Computers,Mk10,07A0358,34084,,,Wildlife Computers,Mk10,07A0358,Head,,,,,,,,,,,,,,,,,,,,,,,
S74,2008015,Wildlife Computers,Mk10,07A0345,34086,,,Wildlife Computers,Mk10,07A0345,Head,,,,,,,,,,,,,,,,,,,,,,,
W1218,2008016,Wildlife Computers,Mk10,07A0340,34072,,,Wildlife Computers,Mk10,07A0340,Head,,,,,,,,,,,,,,,,,,,,,,,
1133,2008017,Wildlife Computers,SPOT,05S1078,62046,,,,AccelCameraRDavis,66474,,,,,,,,,,,,,,,,,,,,,,,,
2336,2008018,Wildlife Computers,Mk10,07A0344,34085,,,Wildlife Computers,Mk10,07A0344,Head,,,,,,,,,,,,,,,,,,,,,,,
R256,2008019,SMRU,CTD,10795,35690,,,Wildlife Computers,Mk9,0490124,Back,,,SMRU,CTD,10795,Head,,,,,,,,,,,,,,,,,
2234,2008020,Wildlife Computers,SPOT,05S0068,59110,,,Wildlife Computers,Mk9,0390795,Back,,,,,,,,,,,,,,,,,,,,,,,
2445,2008021,Wildlife Computers,SPOT,04S0653,56478,,,Wildlife Computers,Mk9,0490353,Back,,,,,,,,,,,,,,,,,,,,,,,
1809,2008022,Wildlife Computers,SPOT,05S0065,59107,,,Wildlife Computers,Mk9,0490851,Back,,,,,,,,,,,,,,,,,,,,,,,
1261,2008023,Wildlife Computers,Mk10,07A0339,34071,,,Wildlife Computers,Mk10,07A0339,Head,,,,,,,,,,,,,,,,,,,,,,,
2888,2008029,Wildlife Computers,SPOT,04S0656,56481,,,Wildlife Computers,Mk9,0490965,Back,,,,,,,,,,,,,,,,,,,,,,,
1968,2008030,Wildlife Computers,SPOT,04S0658,56483,,noisy locations,Wildlife Computers,Mk9,0490964,Back,,,,,,,,,,,,,,,,,,,,,,,
WX311,2008031,Wildlife Computers,SPOT,04S0662,56487,,,Wildlife Computers,Mk9,0490357,Back,,,,,,,,,,,,,,,,,,,,,,,
R841,2008032,Wildlife Computers,SPOT,04S0120,37593,,,Wildlife Computers,Mk9,0390795,Back,,,,,,,,,,,,,,,,,,,,,,,
M251,2008033,Wildlife Computers,SPOT,04S0146,39454,,,Wildlife Computers,Mk9,0490152,Back,,,,,,,,,,,,,,,,,,,,,,,
R274,2008034,Wildlife Computers,SPOT,04S0660,56485,,,Wildlife Computers,Mk9,0490336,Back,,,,,,,,,,,,,,,,,,,,,,,
1361,2008035,Wildlife Computers,SPOT,04S0117,37591,,,Wildlife Computers,Mk9,0490879,Back,,,,,,,,,,,,,,,,,,,,,,,
2408,2008036,Wildlife Computers,SPOT,04S0657,566482,,few points?,Wildlife Computers,Mk9,0490360,Back,,,,,,,,,,,,,,,,,,,,,,,
3388,2008037,Wildlife Computers,SPOT,04S0663,56488,,,Wildlife Computers,Mk9,0490359,Back,,,,,,,,,,,,,,,,,,,,,,,
2386,2008038,Wildlife Computers,SPOT,04S0665,56490,,small loopy thing,Wildlife Computers,Mk9,0490877,Back,,,,,,,,,,,,,,,,,,,,,,,
R975,2008039,Wildlife Computers,SPOT,04S0138,37597,,,Wildlife Computers,Mk9,0490132,Back,,,,,,,,,,,,,,,,,,,,,,,
1819,2008040,Wildlife Computers,Mk10,07A0356,34083,,MISSING,Wildlife Computers,Mk9,0490122,Back,,,,,,,,,,,,,,,,,,,,,,,
O80,2008041,Wildlife Computers,Mk10,07A0346,34073,,,Wildlife Computers,Mk9,0490853,Back,,,,,,,,,,,,,,,,,,,,,,,
2780,2008042,Wildlife Computers,Mk10,07A0352,34079,,,Wildlife Computers,Mk9,0490851,Back,,,,,,,,,,,,,,,,,,,,,,,
1712,2008043,Wildlife Computers,Mk10,07A0349,34076,,very few points,Wildlife Computers,Mk9,0490157,Back,,,,,,,,,,,,,,,,,,,,,,,
1381,2008044,Wildlife Computers,Mk10,07A0350,34077,,,Wildlife Computers,Mk9,0490159,Back,,,,,,,,,,,,,,,,,,,,,,,
1150,2008045,SMRU,CTD,10764,35683,,,SMRU,CTD,10764,Back,,,Wildlife Computers,Mk9,0490858,Head,,Contains no data,,,,,,,,,,,,,,,
R981,2008046,SMRU,CTD,10588,35894,,,Wildlife Computers,Mk9,0490155,Back,,,SMRU,CTD,10588,Head,,,,,,,,,,,,,,,,,
W1057,2008047,SMRU,CTD,10810,35682,,weird loopy thing,Wildlife Computers,Mk9,0490124,Back,,,SMRU,CTD,10810,Head,,,,,,,,,,,,,,,,,
T588,2008048,SMRU,CTD,10797,35684,,noisy locations,Wildlife Computers,Mk9,0490353,Back,,,SMRU,CTD,10797,Head,,,,,,,,,,,,,,,,,
2888,2009001,Wildlife Computers,SPOT,05S0068,59110,,No useable data,,,,,,,,,,,,,,,,,,,,,,,,,,,
WT073,2009002,Wildlife Computers,Mk10,07A0340,34072,,,Wildlife Computers,Mk10,07A0340,Head,,,,,,,,,,,,,,,,,,,,,,,
M251,2009003,Wildlife Computers,SPOT,04S0146,39454,,,Wildlife Computers,Mk9,0790470,Back,,,,,,,,,,,,,,,,,,,,,,,
1968,2009004,Wildlife Computers,SPOT,04S0210,44635,,messy locations,,,,,,,,,,,,,,,,,,,,,,,,,,,
T378,2009005,Wildlife Computers,Mk10,07A0358,34084,,,Wildlife Computers,Mk10,07A0358,Head,,,,,,,,,,,,,,,,,,,,,,,
1327,2009006,Wildlife Computers,Mk10,07A0345,34086,,,Wildlife Computers,Mk10,07A0345,Head,,,,,,,,,,,,,,,,,,,,,,,
WX197,2009007,Wildlife Computers,Mk10,07A0344,34085,,weird extrapolation,Wildlife Computers,Mk10,07A0344,Head,,,,,,,,,,,,,,,,,,,,,,,
S126,2009008,Wildlife Computers,Mk10,07A0339,34071,,,Wildlife Computers,Mk10,07A0339,Head,,,,,,,,,,,,,,,,,,,,,,,
1361,2009009,Wildlife Computers,SPOT,04S0117,37591,,messy locations,Wildlife Computers,Mk9,0490359,Back,,,,,,,,,,,,,,,,,,,,,,,
M583,2009010,SMRU,CTD,11069,92127,,,,Accel,490152,,,,SMRU,CTD,11069,Head,,,,,,,,,,,,,,,,,
R148,2009011,SMRU,CTD,11072,92128,,,,Accel,490854,,,,SMRU,CTD,11072,Head,,,,,,,,,,,,,,,,,
N796,2009012,Wildlife Computers,SPOT,04S0148,39455,,,Wildlife Computers,Mk9,0490159,Back,,,,Accel,07A1051,,,,,,,,,,,,,,,,,,
T201,2009013,Wildlife Computers,SPOT,04S0654,56479,,,Wildlife Computers,Mk9,0490853,Back,,,,,,,,,,,,,,,,,,,,,,,
M750,2009014,Wildlife Computers,SPOT,05S0067,59109,,,Wildlife Computers,Mk9,0490963,Back,,,,Accel,07A1052,,,,,,,,,,,,,,,,,,
R541,2009015,Wildlife Computers,SPOT,08S1037,93049,,,Wildlife Computers,Mk9,0790476,Back,,,,Accel,07A1053,,,,,,,,,,,,,,,,,,
S122,2009016,SMRU,CTD,11082,92133,,MISSING,Wildlife Computers,Mk9,0790475,Back,,,SMRU,CTD,11082,Head,,,,,,,,,,,,,,,,,
R730,2009017,Wildlife Computers,SPOT,08S1036,93050,,,Wildlife Computers,Mk9,0790474,Back,,,,Accel,07A1054,,,,,,,,,,,,,,,,,,
M780,2009019,Wildlife Computers,SPOT,08S1031,93035,,,Wildlife Computers,AccelShoulder,07A1049,Shoulder,,,,AccelTail,06A0979,Pelvis,,,,,,,,,Acoustic 2,,,,,,,,
X871,2009020,Wildlife Computers,SPOT,05S0072,59114,,messy locations,Wildlife Computers,AccelTail,06A0980,Pelvis,,,,AccelShoulder,07A1043,Shoulder,,,,,,,,,Acoustic 3,,,,,,,,
2370,2009021,Wildlife Computers,SPOT,08S1027,93034,,,Wildlife Computers,AccelTail,07A1055,Pelvis,,"Seal travelled through a wormhold, broke the fabric of spacetime",,,,,,,,,,,,,,,,,,,,,
X851,2009022,Wildlife Computers,SPOT,04S0209,44634,,,Wildlife Computers,Mk9,0490353,Back,,,,Accel,07A1053,,,,,,,,,,,,,,,,,,
1234,2009023,Wildlife Computers,SPOT,08S1032,93036,,,Wildlife Computers,AccelTail,06A0982,Pelvis,,,,AccelShoulder,07A0995,Shoulder,,,,,,,,,,,,Acoustic 5,,,,,
R279,2009035,SMRU,CTD,10583,35686,,messy locations,Wildlife Computers,Mk9,0790470,Back,,,SMRU,CTD,10583,Head,,,,,,,,,,,,,,,,,
O651,2009036,Wildlife Computers,Mk10,07A0354,34082,,,Wildlife Computers,Mk9,0790475,Back,,,,,,,,,,,,,,,,,,,,,,,
1015,2009037,Wildlife Computers,Mk10,07A0351,34078,,,Wildlife Computers,Mk9,0490157,Back,,,,,,,,,,,,,,,,,,,,,,,
T112,2009038,Wildlife Computers,Mk10,07A0352,34079,,MISSING,Wildlife Computers,Mk9,0490159,Back,,,,,,,,,,,,,,,,,,,,,,,
3477,2009039,Wildlife Computers,Mk10,09A0002,93051,,No useable data,Wildlife Computers,Mk10,09A0002,Head,,,,,,,,,,,,,,,,,,,,,,,
T461,2009040,Wildlife Computers,Mk10,09A0140,93053,,,Wildlife Computers,Mk10,09A0140,Head,,,,,,,,,,,,,,,,,,,,,,,
2098,2009041,Wildlife Computers,Mk10,07A0350,34077,,,Wildlife Computers,Mk9,0490158,Back,,,,,,,,,,,,,,,,,,,,,,,
1712,2009042,Wildlife Computers,Mk10,07A0349,,,MISSING,Wildlife Computers,Mk9,0490157,Back,,,,,,,,,,,,,,,,,,,,,,,
T151,2009043,Wildlife Computers,Mk10,07A0353,34081,,,Wildlife Computers,Mk9,0490853,Back,,,,,,,,,,,,,,,,,,,,,,,
WT073,2010011,Wildlife Computers,SPOT,09S1127,98230,,,Wildlife Computers,Mk9,0490854,Back,,,,,,,,,,,,,,,,,,,,,,,
O203,2010013,Wildlife Computers,SPOT,05S0071,59113,,weird extrapolation,Wildlife Computers,Mk9,0790475,Back,,,,,,,,,,,,,,,BC 63311,,,,,,,,
1261,2010015,Wildlife Computers,SPOT,04S0658,56483,,,Wildlife Computers,Mk9,0990465,Back,,,Little Leonardo,Kami,,Jaw,,,,,,,,,,,,,,,,,
R999,2010016,Wildlife Computers,SPOT,09S1057,39259,,"some data gaps, take a closer look",Wildlife Computers,Mk9,0990434,Back,,,Little Leonardo,Kami,,Jaw,,,,,,,,,Camera,,,,,,,,
M778,2010018,Wildlife Computers,SPOT,05S0067,59109,,,Wildlife Computers,Mk9,0990460,Back,,,Little Leonardo,Kami,,Jaw,,,,,,,,,BC 63313,,,,,,,,
R256,2010021,Wildlife Computers,SPOT,04S0210,44635,,,Wildlife Computers,Mk9,0990462,Back,,,,,,,,,,,,,,,BC 66312,,,,,,,,
WX541,2010022,Wildlife Computers,Mk10,09A0805,98228,,,Wildlife Computers,Mk10,09A0805,Head,,,,,,,,,,,,,,,,,,,,,,,
1901,2010023,Wildlife Computers,Mk10,09A0795,98226,,,Wildlife Computers,Mk10,09A0795,Head,,,,,,,,,,,,,,,,,,,,,,,
O284,2010025,Wildlife Computers,SPOT,05S0072,59114,,messy locations,Wildlife Computers,Mk9,0490353,Back,,,,,,,,,,,,,,,BC 63323,,,,,,,,
1472,2010026,Wildlife Computers,SPOT,08S1031,93035,,weird extrapolation,Wildlife Computers,Mk9,0490874,Back,,lost at sea,,,,,,,,,,,,,BC 63321,,,,,,,,
1735,2010027,Wildlife Computers,SPOT,08S1032,93036,,,Wildlife Computers,Mk9,0890434,Back,,,,,,,,,,,,,,,BC 63315,,,,,,,,
M784,2010028,Wildlife Computers,SPOT,08S1036,93050,,,Wildlife Computers,Mk9,0490851,Back,,TDR failed at 10 days,,,,,,,,,,,,,,,,,,,,,
WX444,2010029,Wildlife Computers,SPOT,09S1056,34253,,,Wildlife Computers,Mk9,0490124,Back,,,,,,,,,,,,,,,BC 63320,,,,,,,,
R541,2010030,Wildlife Computers,Mk10,09A0801,98221,,,Wildlife Computers,Mk10,09A0801,Head,,,Wildlife Computers,Accel,09A0575,,,,,,,,,,,,,,,,,,
M750,2010031,Wildlife Computers,SPOT,09S1054,34230,,few-ish points,Wildlife Computers,Mk9,0790474,Back,,,,,,,,,,,,,,,BC 63314,,,,,,,,
2370,2010032,Wildlife Computers,SPOT,09S1055,34252,,,Wildlife Computers,Mk9,0490858,Back,,,Wildlife Computers,Accel,09A0579,,,,,,,,,,,,,,,,,,
N796,2010033,Wildlife Computers,Mk10,07A0485,34090,,,Wildlife Computers,Mk10,07A0485,Head,,,Wildlife Computers,Accel,09A0696,,,,,,,,,,,,,,,,,,
W1095,2010034,Wildlife Computers,SPOT,09S1128,98231,,,Wildlife Computers,Mk9,0490964,Back,,,Wildlife Computers,Accel,09A0702,,,,,,,,,,,,,,,,,,
R148,2010035,Wildlife Computers,SPOT,05S1059,62036,,few-ish points,Wildlife Computers,Mk9,0490132,Back,,,Little Leonardo,Kami,,Jaw,,Kami_4,,AccelBack,2A525,,,,AccelHead,,,,,,,,
1733,2010036,Wildlife Computers,Mk10,06A1329,24176,,,Wildlife Computers,Mk10,06A1329,Head,,,Wildlife Computers,Accel,09A0699,,,,,,,,,,,,,,,,,,
M780,2010037,Wildlife Computers,Mk10,07A0354,34082,,,Wildlife Computers,Mk9,0490877,Back,,,Wildlife Computers,Accel,09A0701,,,,,,,,,,,,,,,,,,
1885,2010038,Wildlife Computers,SPOT,08S1027,93034,,weird extrapolation,Wildlife Computers,Mk9,0990461,Back,,,Wildlife Computers,Accel,09A0697,,,,,,,,,,,,,,,,,,
X851,2010039,Wildlife Computers,Mk10,09A0808,98229,,,Wildlife Computers,Mk10,09A0808,Head,,,Wildlife Computers,Accel,09A0708,,,,,,,,,,,,,,,,,,
1234,2010040,Wildlife Computers,Mk10,08A0901,35663,,,Wildlife Computers,Mk10,08A0901,Head,,,Wildlife Computers,Accel,09A0706,,,,,,,,,,,,,,,,,,
1968,2010062,Wildlife Computers,SPOT,08S1032,93036,,,Wildlife Computers,Mk9,0490158,Back,,,,,,,,,,,,,,,,,,,,,,,
WX311,2010063,Wildlife Computers,SPOT,09S1056,34253,,few points/loopy?,Wildlife Computers,Mk9,0490359,Back,,,,,,,,,,,,,,,,,,,,,,,
T740,2010064,Wildlife Computers,SPOT,04S0209,44634,,,Wildlife Computers,Mk9,0490132,Back,,,,,,,,,,,,,,,,,,,,,,,
O968,2010065,Wildlife Computers,SPOT,09S1055,34252,,few-ish points,Wildlife Computers,Mk9,0490157,Back,,,,,,,,,,,,,,,,,,,,,,,
2161,2010066,Wildlife Computers,SPOT,04S0658,56483,,weird loopy things,Wildlife Computers,Mk9,0490877,Back,,TDR full before return,,,,,,,,,,,,,,,,,,,,,
O80,2010067,Wildlife Computers,SPOT,08S1036,93050,,a data gap,Wildlife Computers,Mk9,0490879,Back,,,,,,,,,,,,,,,,,,,,,,,
1595,2010068,Wildlife Computers,Mk10,07A0339,34071,,,Wildlife Computers,Mk10,07A0339,Head,,,,,,,,,,,,,,,,,,,,,,,
T269,2010069,Wildlife Computers,SPOT,08S1031,93035,,,Wildlife Computers,Mk9,0990434,Back,,,,,,,,,,,,,,,,,,,,,,,
T379,2010070,Wildlife Computers,SPOT,09S1127,98230,,,Wildlife Computers,Mk9,0990460,Back,,,,,,,,,,,,,,,,,,,,,,,
R55,2010071,Wildlife Computers,SPOT,08S1037,93049,,messy points,Wildlife Computers,Mk9,0990463,Back,,,,,,,,,,,,,,,,,,,,,,,
T151,2010072,Wildlife Computers,SPOT,05S0067,59109,,,Wildlife Computers,Mk9,0490353,Back,,,,,,,,,,,,,,,,,,,,,,,
O651,2010073,Wildlife Computers,SPOT,05S0072,59114,,messy points,Wildlife Computers,Mk9,0490854,Back,,,,,,,,,,,,,,,,,,,,,,,
T553,2010074,Wildlife Computers,SPOT,05S0065,59107,,same as 2010075 but incomplete,Wildlife Computers,Mk9,0490858,Back,,,,,,,,,,,,,,,,,,,,,,,
R999,2010075,Wildlife Computers,Mk10,09A0140,95053,,same as 2010074 but complete,Wildlife Computers,Mk10,09A0140,Head,,,,,,,,,,,,,,,,,,,,,,,
R440,2010077,Wildlife Computers,SPOT,09S1128,98231,,messy points,Wildlife Computers,Mk9,0890433,Back,,TDR failed mid-trip,,,,,,,,,,,,,BC 63311,,,,,,,,
T761,2010078,Wildlife Computers,SPOT,05S0071,59113,,messy points,Wildlife Computers,Mk9,0490124,Back,,,,,,,,,,,,,,,BC 63320,,,,,,,,
3249,2010079,Wildlife Computers,SPOT,04S0648,56473,,,Wildlife Computers,Mk9,0990465,Back,,,,,,,,,,,,,,,BC 63315,,,,,,,,
R299,2010080,Wildlife Computers,Mk10,07A0340,34072,,VERY few points,Wildlife Computers,Mk10,07A0340,Head,,,,,,,,,,,,,,,,,,,,,,,
2608,2010081,Wildlife Computers,SPOT,05S0070,59112,,,Wildlife Computers,Mk9,0790475,Back,,TDR failed mid-trip,,,,,,,,,,,,,BC 63313,,,,,,,,
T248,2010082,Wildlife Computers,Mk10,06A0174,28596,,,Wildlife Computers,Mk10,06A0174,Head,,,,,,,,,,,,,,,BC 63321,,,,,,,,
T553,2010086,Wildlife Computers,SPOT,05S0065,59107,,,Wildlife Computers,Mk9,0890434,Back,,,,,,,,,,,,,,,,,,,,,,,
3887,2011001,Wildlife Computers,SPOT,10S0783,101166,,check,Wildlife Computers,Mk9,1090170,Back,,TDR lost at sea,,,,,,,,,,,,,,,,,,,,,
T28,2011002,Wildlife Computers,SPOT,10S0780,101163,,,Wildlife Computers,Mk9,1090225,Back,,,,,,,,,,,,,,,,,,,,,,,
1809,2011003,Wildlife Computers,SPOT,10S0788,101170,,,Wildlife Computers,Mk9,1090224,Back,,,,,,,,,,,,,,,LotekGeoLoc 4836,,,BC 44555,,,,,
T920,2011004,Wildlife Computers,SPOT,10S0782,101165,,,Wildlife Computers,Mk9,1090166,Back,,,,,,,,,,,,,,,LotekGeoLoc 4846,,,,,,,,
3224,2011005,Wildlife Computers,SPOT,10S0784,101167,,,Wildlife Computers,Mk9,1090222,Back,,,,,,,,,,,,,,,LotekGeoLoc 4857,,,,,,,,
1712,2011007,Wildlife Computers,SPOT,10S0785,101168,,,Wildlife Computers,Mk9,1090167,Back,,,,,,,,,,,,,,,LotekGeoLoc 4810,,,,,,,,
T19,2011008,Wildlife Computers,Mk10,07A0349,34076,,,Wildlife Computers,Mk9,0990434,Back,,,,,,,,,,,,,,,LotekGeoLoc 4785,,,,,,,,
2980,2011009,Wildlife Computers,SPOT,10S0786,101169,,,Wildlife Computers,Mk9,0490158,Back,,,,,,,,,,,,,,,LotekGeoLoc 4333,,,,,,,,
T923,2011010,Wildlife Computers,Mk10,07A0354,34082,,,Wildlife Computers,Mk9,1090231,Back,,,,,,,,,,,,,,,LotekGeoLoc 4784,,,BC 44557,,,,,
O968,2011011,Wildlife Computers,SPOT,09S1055,34252,,few points,Wildlife Computers,Mk9,0490157,Back,,,,,,,,,,,,,,,,,,,,,,,
1244,2011012,Wildlife Computers,SPOT,10S0781,101164,,,Wildlife Computers,Mk9,1090230,Back,,,,,,,,,,,,,,,LotekGeoLoc 4782,,,,,,,,
2028,2011013,Wildlife Computers,Mk10,09A0795,98226,,,Wildlife Computers,Mk10,09A0795,,,,,,,,,,,,,,,,LotekGeoLoc 4855,,,,,,,,
T220,2011014,Wildlife Computers,Mk10,07A0358,34084,,,Wildlife Computers,Mk9,0990465,Back,,,,,,,,,,,,,,,LotekGeoLoc 4882,,,,,,,,
3588,2011015,Wildlife Computers,Mk10,07A0352,34079,,,Wildlife Computers,Mk9,0890428,Back,,,,,,,,,,,,,,,,,,,,,,,
T911,2011016,Wildlife Computers,SPOT,05S1059,62036,,messy points,Wildlife Computers,Mk9,0990460,Back,,,Little Leonardo,Kami,,Jaw,,,Little Leonardo,Stroke,,,,,DSL,Head,,BC 220054,,,,,
M778,2011017,Wildlife Computers,Mk10,07A0353,34081,,,Wildlife Computers,Mk9,0790474,Back,,,Little Leonardo,Kami,,Jaw,,,Little Leonardo,Stroke,,,,,,,,,,,,,
3236,2011018,Wildlife Computers,Mk10,07A0351,34078,,,Wildlife Computers,Mk9,0490858,Back,,,Little Leonardo,Kami,,Jaw,,,Little Leonardo,Stroke,,,,,,,,,,,,,
T35,2011019,Wildlife Computers,Mk10,07A0350,34077,,,Wildlife Computers,Mk9,0990461,Back,,,Little Leonardo,Kami,,Jaw,,,Little Leonardo,Stroke,,,,,PD2GT: 2A453,,,,,,,,
1015,2011020,Wildlife Computers,Mk10,09A0805,98228,,,Wildlife Computers,Mk10,09A0805,,,,Little Leonardo,Kami,,Jaw,,,Little Leonardo,Stroke,,,,,PD2GT: 0A454,,,,,,,,
1885,2011021,Wildlife Computers,Mk10,07A0485,34090,,,Wildlife Computers,Mk10,07A0485,,,,Little Leonardo,Kami,,Jaw,,,,,,,,,,,,,,,,,
1733,2011022,Wildlife Computers,SPOT,05S1065,62042,,,Wildlife Computers,Mk9,0490879,Back,,Only one day of data,Little Leonardo,Kami,,Jaw,,,,,,,,,,,,,,,,,
2161,2011023,Wildlife Computers,SPOT,04S0658,56483,,few points,Wildlife Computers,Mk9,0490877,Back,,,,,,,,,,,,,,,,,,,,,,,
T169,2011024,Wildlife Computers,SPOT,09S1128,98231,,,Wildlife Computers,Mk9,0490854,Back,,,,,,,,,,,,,,,,,,,,,,,
1326,2011025,Wildlife Computers,SPOT,06S1032,93036,,,Wildlife Computers,Mk9,0890428,Back,,,,,,,,,,,,,,,,,,,,,,,
T143,2011026,Wildlife Computers,SPOT,10S0784,101167,,,Wildlife Computers,Mk9,1090167,Back,,,,,,,,,,,,,,,,,,,,,,,
3166,2011027,Wildlife Computers,SPOT,09S1127,98230,,,Wildlife Computers,Mk9,0990463,Back,,,,,,,,,,,,,,,,,,,,,,,
RY955,2011028,Wildlife Computers,SPOT,10S0786,101169,,messy locations,Wildlife Computers,Mk9,1090230,Back,,,,,,,,,,,,,,,,,,,,,,,
3421,2011029,Wildlife Computers,SPOT,09S1054,34230,,,Wildlife Computers,Mk9,0890431,Back,,,,,,,,,,,,,,,,,,,,,,,
3874,2011030,Wildlife Computers,SPOT,08S1031,93035,,,Wildlife Computers,Mk9,0990434,Back,,,,,,,,,,,,,,,,,,,,,,,
3249,2011031,Wildlife Computers,SPOT,10S0780,101163,,,Wildlife Computers,Mk9,0490359,Back,,,,,,,,,,,,,,,,,,,,,,,
T730,2011032,Wildlife Computers,SPOT,10S0781,101164,,look closer,Wildlife Computers,Mk9,0490963,Back,,,Little Leonardo,Stroke,,,,,Little Leonardo,Kami,,Jaw,,Depth recorder malfunctioned,DSL,Head,,Flash 1,,,,,
WX444,2011033,Wildlife Computers,SPOT,10S0785,101168,,,Wildlife Computers,Kami,,Jaw,,,Little Leonardo,Stroke,,,,,Wildlife Computers,Mk9,0490851,Back,,funky TDR,,,,,,,,,
2036,2011034,Wildlife Computers,SPOT,04S0648,56473,,messy locations,Wildlife Computers,Mk9,1090231,Back,,,Little Leonardo,Stroke,,,,,Little Leonardo,Kami,,Jaw,,Depth recorder malfunctioned,,,,,,,,,
T313,2011035,Wildlife Computers,SPOT,09S1056,34253,,,Wildlife Computers,Mk9,0490877,Back,,,,,,,,,,,,,,,,,,,,,,,
T891,2011036,Wildlife Computers,SPOT,10S0788,101170,,messy locations,Wildlife Computers,Mk9,0490853,Back,,,,,,,,,,,,,,,,,,,,,,,
1775,2011037,Wildlife Computers,SPOT,05S0071,59113,,check dateline area,Wildlife Computers,Mk9,0490132,Back,,,,,,,,,,,,,,,,,,,,,,,
3373,2011038,Wildlife Computers,SPOT,05S0072,59114,,,Wildlife Computers,Mk9,0990460,Back,,,,,,,,,,,,,,,LotekGeoLoc L230M_0003,,,,,,,,
U448,2011039,Wildlife Computers,SPOT,08S51037,93049,,same as 2011040,Wildlife Computers,Mk10,1090166,Back,,,,,,,,,,,,,,,LotekGeoLoc L230M_0001,,,,,,,,
U207,2011040,Wildlife Computers,Mk10,08A0901,35663,,same as 2011039,Wildlife Computers,Mk10,08A0901,Head,,,,,,,,,,,,,,,LotekGeoLoc L230M_0013,,,,,,,,
R426,2011041,SMRU,CTD,11260,62048,,messy locations,Wildlife Computers,Mk9,1090224,Back,,,Wildlife Computers,Mk9,0490124,,,,SMRU,CTD,11260,Head,,,,,,,,,,,
2568,2011042,Wildlife Computers,SPOT,04S0209,44634,,messy locations,Wildlife Computers,Mk9,0790474,Back,,,,,,,,,,,,,,,LotekGeoLoc L230M_0012,,,,,,,,
T35,2011043,Wildlife Computers,SPOT,10S0782,101165,,weird loopy,Wildlife Computers,Mk9,0990465,Back,,,Little Leonardo,Kami,,Jaw,,,Little Leonardo,Stroke,,,,,LotekGeoLoc L230M_0008,,,,,,,,
U641,2012001,Wildlife Computers,SPOT,10S0789,113025,,,Wildlife Computers,Mk9,0490357,Back,,,,,,,,,,,,,,,,,,,,,,,
T750,2012002,Wildlife Computers,SPOT,11S0788,113024,,,Wildlife Computers,Mk9,0890433,Back,,,,,,,,,,,,,,,,,,,,,,,
U479,2012003,Wildlife Computers,SPOT,04S0658,56483,,,Wildlife Computers,Mk9,0890426,Back,,,,,,,,,,,,,,,,,,,,,,,
VX358,2012004,Wildlife Computers,SPOT,05S0065,59107,,,Wildlife Computers,Mk9,0490159,Back,,,,,,,,,,,,,,,,,,,,,,,
R382,2012005,Wildlife Computers,SPOT,05S1059,62036,,"weird interp, went to OR",Wildlife Computers,Mk9,1090225,Back,,,Little Leonardo,Kami,,Jaw,,,Little Leonardo,Stroke,,,,,DSL,Head,,,,,,,
U954,2012006,Wildlife Computers,Mk10,09A0805,98228,,,Wildlife Computers,Mk10,09A0805,,,,Little Leonardo,Kami,,Jaw,,,Little Leonardo,Stroke,,,,,3MPD3,,,,,,,,
U881,2012007,Wildlife Computers,SPOT,05S1065,62042,,messy locations,Wildlife Computers,Mk9,1090222,Back,,,Little Leonardo,Kami,,Jaw,,,Little Leonardo,Stroke,,,,,DSL,Head,,,,,,,
U604,2012008,Wildlife Computers,SPOT,09S1055,34252,,messy locations,Wildlife Computers,Mk9,0990461,Back,,,Little Leonardo,Kami,,,,,,,,,,,,,,,,,,,
U605,2012009,Wildlife Computers,Mk10,11A1097,113026,,messy locations,Wildlife Computers,Mk10,11A1097,Head,,,Little Leonardo,Stroke,,,,,Little Leonardo,Kami,,Jaw,,Depth recorder malfunctioned,3MPD3,,,,,,,,
2024,2012010,Wildlife Computers,SPOT,09S1057,34259,,weird loop,Wildlife Computers,Mk9,1090166,Back,,,Little Leonardo,Kami,,Jaw,,,Little Leonardo,Stroke,,,,,DSL,Head,,,,,,,
U444,2012011,Wildlife Computers,Mk10,07A0349,34076,,,Wildlife Computers,Mk9,0490132,Back,,,,,,,,,,,,,,,,,,,,,,,
U627,2012012,Wildlife Computers,Mk10,11A1098,113027,,,Wildlife Computers,Mk10,11A1098,Head,,,Little Leonardo,Stroke,,,,,Little Leonardo,Kami,,Jaw,,,Accel 3A489,,,,,,,,
WX467,2012013,SMRU,CTD,12328,115465,,,SMRU,CTD,12328,Head,,,Wildlife Computers,Mk9,0890428,Back,,,,,,,,,,,,,,,,,
U239,2012014,Wildlife Computers,SPOT,10S0783,101166,,,Wildlife Computers,Mk9,0990465,Back,,,Little Leonardo,Kami,,Jaw,,,,,,,,,DSL,Head,,,,,,,
U155,2012015,Wildlife Computers,Mk10,07A0485,34090,,,Wildlife Computers,Mk10,07A0485,Head,,,,,,,,,,,,,,,,,,,,,,,
U849,2012016,SMRU,CTD,12302,115466,,messy locations,SMRU,CTD,12302,Head,,,Wildlife Computers,Mk9,0490359,Back,,,,,,,,,,,,,,,,,
U198,2012017,Wildlife Computers,Mk10,07A0351,34078,,,Wildlife Computers,Mk9,0990434,Back,,,,,,,,,,,,,,,,,,,,,,,
U142,2012018,Wildlife Computers,Mk10,07A0350,34077,,,Wildlife Computers,Mk9,0990460,Back,,,,,,,,,,,,,,,,,,,,,,,
U756,2012019,Wildlife Computers,Mk10,09A0795,98226,,,Wildlife Computers,Mk10,09A0795,Head,,,,,,,,,,,,,,,,,,,,,,,
T693,2012020,Wildlife Computers,Mk10,07A0354,34082,,,Wildlife Computers,Mk9,0490877,Back,,,,,,,,,,,,,,,,,,,,,,,
WX311,2012032,Wildlife Computers,SPOT,04S0138,37597,,,Wildlife Computers,Mk9,0490159,Back,,,,,,,,,,,,,,,,,,,,,,,
T42,2012033,Wildlife Computers,SPOT,11S0788,113024,,,Wildlife Computers,Mk9,0890426,Back,,,,,,,,,,,,,,,,,,,,,,,
U848,2012034,Wildlife Computers,SPOT,09S1128,98231,,,Wildlife Computers,Mk9,0990461,Back,,TDR failed toward end of trip,,,,,,,,,,,,,,,,,,,,,
3243,2012035,Wildlife Computers,SPOT,09S1055,34252,,,Wildlife Computers,Mk9,0890433,Back,,,,,,,,,,,,,,,,,,,,,,,
3412,2012036,Wildlife Computers,SPOT,11S0789,113025,,,Wildlife Computers,Mk9,0490132,Back,,,Little Leonardo,Kami,,Jaw,,,Little Leonardo,Stroke,,,,,,,,,,,,,
U754,2012037,Wildlife Computers,SPOT,10S0785,101168,,,Wildlife Computers,Mk9,0490853,Back,,,Little Leonardo,Kami,,Jaw,,,Little Leonardo,Stroke,,,,,,,,,,,,,
U203,2012038,Wildlife Computers,SPOT,08S1031,93035,,,Wildlife Computers,Mk9,0490124,Back,,,Little Leonardo,Kami,,Jaw,,,Little Leonardo,Stroke,,,,,,,,,,,,,
X106,2012039,Wildlife Computers,SPOT,10S0782,101165,,,Little Leonardo,Stroke,,,,,Wildlife Computers,Mk9,0490157,Back,,TDR failed halfway through,Little Leonardo,Kami,,Jaw,,,,,,,,,,,
WV422,2012040,Wildlife Computers,SPOT,08S1032,93036,,,Wildlife Computers,Mk9,0490854,Back,,,Little Leonardo,Kami,,Jaw,,,Little Leonardo,Stroke,,,,,,,,,,,,,
U458,2012041,Wildlife Computers,SPOT,08S1037,93049,,few-ish locations,Wildlife Computers,Mk9,1090224,Back,,,Little Leonardo,Kami,,Jaw,,,Little Leonardo,Stroke,,,,,,,,,,,,,
X232,2012042,Wildlife Computers,SPOT,10S0980,101163,,,Wildlife Computers,Mk9,1090166,Back,,,,,,,,,,,,,,,,,,,,,,,
S126,2012043,Wildlife Computers,SPOT,10S0781,101164,,,Wildlife Computers,Mk9,1090225,Back,,,,,,,,,,,,,,,,,,,,,,,
U888,2012044,Wildlife Computers,SPOT,09S1056,34253,,minor loopage,Wildlife Computers,Mk9,0490877,Back,,,,,,,,,,,,,,,,,,,,,,,
X258,2012045,Wildlife Computers,SPOT,10S0788,101170,,,Wildlife Computers,Mk9,0490357,Back,,,,,,,,,,,,,,,,,,,,,,,
PF441,2012046,Wildlife Computers,SPOT,05S0072,59114,,,Wildlife Computers,Mk9,1090231,Back,,,,,,,,,,,,,,,,,,,,,,,
WX540,2012047,Wildlife Computers,SPOT,05S0071,59113,,,Wildlife Computers,Mk9,0490359,Back,,,,,,,,,,,,,,,,,,,,,,,
U274,2012048,Wildlife Computers,SPOT,04S0648,56473,,,Wildlife Computers,Mk9,0890428,Back,,,,,,,,,,,,,,,,,,,,,,,
U398,2012049,Wildlife Computers,Mk10,12A1580,120077,,same as 2012050 but incomplete,Wildlife Computers,Mk10,12A1580,Head,,,,,,,,,,,,,,,,,,,,,,,
Y1074,2012050,Wildlife Computers,Mk10,12A1583,120079,,same as 2012049 but complete,Wildlife Computers,Mk10,12A1583,Head,,,,,,,,,,,,,,,,,,,,,,,
X262,2012051,Wildlife Computers,Mk10,12A1581,120078,,,Wildlife Computers,Mk10,12A1581,Head,,,,,,,,,,,,,,,,,,,,,,,
3224,2012052,SMRU,CTD,12328,115465,,,SMRU,CTD,12328,Head,,,,,,,,,,,,,,,,,,,,,,,
2370,2012053,SMRU,CTD,12302,115466,,investigate,SMRU,CTD,12302,Head,,,,,,,,,,,,,,,,,,,,,,,
6622,2013001,Wildlife Computers,SPOT,04S0658,56483,,missing,Wildlife Computers,Mk9,0890426,Back,,,,,,,,,,,,,,,,,,,,,,,
U17,2013002,Wildlife Computers,SPOT,05S0065,59107,,,Wildlife Computers,Mk9,1290215,Back,,,Little Leonardo,Kami,,Jaw,,,,,,,,,,,,,,,,,
U604,2013003,Wildlife Computers,Mk10,12A1610,120639,,,Wildlife Computers,Mk10,12A1610,Head,,,Little Leonardo,Kami,,Jaw,,,,,,,,,,,,,,,,,
S105,2013004,Wildlife Computers,Mk10,12A1596,120605,,missing,Wildlife Computers,Mk10,12A1596,Head,,,Little Leonardo,Kami,,Jaw,,,,Accel,3A488,,,,,,,,,,,,
U848,2013005,Wildlife Computers,SPOT,09S1128,98231,,,Wildlife Computers,Mk9,1090224,Back,,,Little Leonardo,Kami,,Jaw,,,,,,,,,,,,,,,,,
1317,2013006,Wildlife Computers,Mk10,09A0795,98226,,,Wildlife Computers,Mk10,09A0795,Head,,,Little Leonardo,Kami,,Jaw,,,,Accel,3A489,,,,,,,,,,,,
U458,2013007,Wildlife Computers,SPOT,08S1037,93049,,,Wildlife Computers,Mk9,0490124,Back,,,Little Leonardo,Kami,,Jaw,,,,,,,,,,,,,,,,,
X334,2013008,Wildlife Computers,SPOT,09S1057,34259,,,Wildlife Computers,Mk9,1290214,Back,,,Little Leonardo,Kami,,Jaw,,,,,,,,,,,,,,,,,
T379,2013009,Wildlife Computers,Mk10,12A1581,120078,,,Wildlife Computers,Mk10,12A1581,Head,,,Little Leonardo,Kami,,Jaw,,,,Accel,3A489,,,,,,,,,,,,
O18129,2013010,Wildlife Computers,SPOT,08S1031,93035,,,Wildlife Computers,Mk9,1290212,Back,,,Little Leonardo,Kami,,Jaw,,,,,,,,,,,,,,,,,
U256,2013011,Wildlife Computers,SPOT,10S0788,101170,,,Wildlife Computers,Mk9,0890433,Back,,,Little Leonardo,Kami,,Jaw,,,,,,,,,,,,,,,,,
T382,2013013,Wildlife Computers,SPOT,04S0648,56473,,,Wildlife Computers,Mk9,0450648,Back,,,Wildlife Computers,Mk9,1290216,Back,,,Little Leonardo,Kami,,Jaw,,,,,,,,,,,
U754,2013014,Wildlife Computers,SPOT,10S0785,101168,,,Wildlife Computers,Mk9,0890428,Back,,tdr missing first few dives,Little Leonardo,Kami,,Jaw,,,,,,,,,,,,,,,,,
X387,2013015,Wildlife Computers,SPOT,10S0783,101166,,,Wildlife Computers,Mk9,1090225,Back,,,Little Leonardo,Kami,,Jaw,,,,,,,,,DVL,Head,,,,,,,
4534,2013016,Wildlife Computers,SPOT,04S0138,37597,,,Wildlife Computers,Mk9,0490357,Back,,,,,,,,,,,,,,,,,,,,,,,
2161,2013017,Wildlife Computers,SPOT,05S1059,62036,,minor loop,Wildlife Computers,Mk9,0490853,Back,,,Little Leonardo,Kami,,Jaw,,,,,,,,,DVL,Head,,,,,,,
X349,2013018,Wildlife Computers,Mk10,09A0140,93053,,very odd extrapolation,Wildlife Computers,Mk10,09A0140,Head,,,Little Leonardo,Kami,,Jaw,,,,,,,,,,,,,,,,,
S216,2013019,Wildlife Computers,SPOT,10S0781,101164,,odd extrapolation,Wildlife Computers,Mk9,1290211,Back,,,,,,,,,,,,,,,,,,,,,,,
T911,2013020,Wildlife Computers,Mk10,12A1587,120603,,,Wildlife Computers,Mk10,12A1587,Head,,,Little Leonardo,Kami,,Jaw,,,,,,,,,AccelNeck,,,,,,,,
VX518,2013021,Wildlife Computers,SPOT,10S0782,101165,,,Wildlife Computers,Mk9,1290213,Back,,,,,,,,,,,,,,,,,,,,,,,
U481,2013022,Wildlife Computers,Mk10,12A1591,120604,,,Wildlife Computers,Mk10,12A1591,Head,,,,,,,,,,,,,,,,,,,,,,,
1733,2013023,Wildlife Computers,SPOT,12S0448,120658,,Tag failed,SMRU,CTD,,Head,,tag failed,,,,,,,,,,,,,,,,,,,,,
1317,2013026,Wildlife Computers,SPOT,11S0788,113024,,,Wildlife Computers,Mk9,0490877,Back,,,Little Leonardo,Kami,,Jaw,,,,,,,,,,,,,,,,,
U256,2013027,Wildlife Computers,Mk10,07A0351,34078,,,Wildlife Computers,Mk9,0990460,Back,,,Little Leonardo,Kami,,Jaw,,,,,,,,,,,,,,,,,
9701,2013029,Wildlife Computers,SPOT,09S1056,34253,,,Wildlife Computers,MK9,0490359,Back,,,Little Leonardo,Kami,,Jaw,,Kami_15,,,,,,,,,,,,,,,
3190,2013030,Wildlife Computers,Mk10,12A1794,128636,,,Wildlife Computers,Mk10,12A1794,Head,,,Little Leonardo,Kami,,Jaw,,,,,,,,,,,,,,,,,
9706,2013031,Wildlife Computers,SPOT,12S1443,128118,,,Wildlife Computers,Mk9,1290217,Back,,,Little Leonardo,Kami,,Jaw,,Kami_ 20,,,,,,,,,,,,,,,
U848,2013032,Wildlife Computers,Mk10,11A1098,113027,,,Wildlife Computers,Mk10,11A1098,Head,,,Little Leonardo,Kami,,Jaw,,,,,,,,,,,,,,,,,
9710,2013033,Wildlife Computers,SPOT,01S1055,34252,,,Wildlife Computers,Mk9,0990434,Back,,,Little Leonardo,Kami,,Jaw,,,,,,,,,,,,,,,,,
9550,2013034,Wildlife Computers,Mk10,07A0339,34071,,,Little Leonardo,Kami,,Jaw,,,Wildlife Computers,Mk10,07A0339,Head,,,,,,,,,,,,,,,,,
9703,2013035,Wildlife Computers,Mk10,07A0354,34082,,investigate,Wildlife Computers,Mk9,0990461,Back,,,,,,,,,,,,,,,,,,,,,,,
9714,2013036,Wildlife Computers,Mk10,07A0358,34084,,,Wildlife Computers,Mk10,07A0358,Head,,,,,,,,,,,,,,,,,,,,,,,
9704,2013037,Wildlife Computers,Mk10,07A0349,34076,,"loopy craziness, not enough locations",Wildlife Computers,Mk9,1290212,Back,,,,,,,,,,,,,,,,,,,,,,,
9718,2013038,Wildlife Computers,Mk10,12A1583,120079,,,Wildlife Computers,Mk10,12A1583,Head,,,,,,,,,,,,,,,,,,,,,,,
9720,2013039,Wildlife Computers,SPOT,09S1128,98321,,,Wildlife Computers,Mk10,09A0805,Head,,,,,,,,,,,,,,,,,,,,,,,
O18129,2013040,Wildlife Computers,Mk10,09A0795,98226,,,Wildlife Computers,Mk10,09A0795,Head,,,Little Leonardo,Kami,,Jaw,,,,,,,,,,,,,,,,,
4534,2013041,Wildlife Computers,SPOT,09S1057,34259,,,Wildlife Computers,Mk9,1290211,Back,,,Little Leonardo,Kami,,Jaw,,,,,,,,,,,,,,,,,
4606,2013042,Wildlife Computers,SPOT,10S0783,101166,,,Wildlife Computers,Mk9,1290214,Back,,,Little Leonardo,Kami,,Jaw,,,,,,,,,,,,,,,,,
X387,2013043,Wildlife Computers,Mk10,08A0901,35663,,,Wildlife Computers,Mk10,08A0901,Head,,,Little Leonardo,Kami,,Jaw,,,,,,,,,,,,,,,,,
X349,2013044,Wildlife Computers,Mk10,07A0353,34081,,missing,Wildlife Computers,Mk9,0490963,Back,,,Little Leonardo,Kami,,Jaw,,,,,,,,,,,,,,,,,
T220,2013045,Wildlife Computers,SPOT,10S0788,101170,,,Little Leonardo,Kami,,Jaw,,,Wildlife Computers,Mk9,1290213,Back,,,,,,,,,,,,,,,,,
U481,2013046,,,,,,just...what,,,,,,,Little Leonardo,Kami,,Jaw,,,,,,,,,,,,,,,,,
9704,2013047,Wildlife Computers,Mk10,07A0352,34079,,,Wildlife Computers,Mk9,0490159,Back,,,Little Leonardo,Kami,,Jaw,,,,,,,,,,,,,,,,,
9703,2013048,Wildlife Computers,Mk10,07A0354,34082,,loopy,Wildlife Computers,Mk9,0990461,Back,,,,,,,,,,,,,,,,,,,,,,,
U776,2014001,SMRU,CTD,12933,133774,,,SMRU,CTD,12933,Head,,,,,,,,,,,,,,,,,,,,,,,
T502,2014002,SMRU,CTD,12990,133779,,,SMRU,CTD,12990,Head,,,,,,,,,,,,,,,,,,,,,,,
O7273,2014003,SMRU,CTD,12934,133772,,check,SMRU,CTD,12934,Head,,,,,,,,,,,,,,,,,,,,,,,
U830,2014004,SMRU,CTD,12953,133778,,check,SMRU,CTD,12953,Head,,,,,,,,,,,,,,,,,,,,,,,
PF949,2014005,SMRU,CTDF,12946,133782,,,SMRU,CTDF,12946,Head,,,Wildlife Computers,Mk9,0490159,Back,,,,,,,,,,,,,,,,,
2445,2014006,SMRU,CTDF,12945,133781,,,Wildlife Computers,Mk9,0490879,Back,,,SMRU,CTDF,12945,Head,,,,,,,,,,,,,,,,,
X696,2014007,SMRU,CTD,12938,133773,,,SMRU,CTD,12938,Head,,,,,,,,,,,,,,,,,,,,,,,
PG 25,2014008,SMRU,CTD,12951,133780,,,SMRU,CTD,12951,Head,,,,,,,,,,,,,,,JawCamera,,,,,,,,
3942,2014009,SMRU,CTD,12947,133775,,,SMRU,CTD,12947,Head,,,,,,,,,,,,,,,JawCamera,,,,,,,,
3997,2014010,Wildlife Computers,SPOT5,05S1059,62036,,,Little Leonardo,Kami,,Jaw,,,Wildlife Computers,Mk9,0490357,Back,,,,,,,,,HeadCamera,,,,,,,,
U842,2014011,Wildlife Computers,SPOT5,10S0785,101168,,,Wildlife Computers,Mk9,0990434,Back,,,Little Leonardo,Kami,,Jaw,,,,,,,,,HeadCamera,,,,,,,,
3960,2014012,SMRU,CTD,12950,133777,,,SMRU,CTD,12950,Head,,,Little Leonardo,Kami,,Jaw,,,,,,,,,,,,,,,,,
VX372,2014013,Wildlife Computers,SPOT5,10S0782,101165,,,Wildlife Computers,Mk9,0990461,Back,,,Little Leonardo,Kami,,Jaw,,,,,,,,,HeadVideo,,,,,,,,
X780,2014014,Wildlife Computers,SPOT5,08S1031,93035,,,Wildlife Computers,Mk9,0890428,Back,,mk9 failed,,,,,,,,,,,,,HeadVideo,,,,,,,,
X823,2014015,Wildlife Computers,SPOT5,10S0781,101164,,,Wildlife Computers,Mk9,1290213,Back,,,Little Leonardo,Kami,,Jaw,,,,,,,,,CameraLogger,,,,,,,,
X822,2014016,SMRU,CTD,12952,133771,,,Wildlife Computers,Kami,,Jaw,,,SMRU,CTD,12952,Head,,,,,,,,,,,,,,,,,
X797,2014017,SMRU,CTD,12941,133776,,,SMRU,CTD,12941,Head,,,Little Leonardo,Kami,,Jaw,,,,,,,,,,,,,,,,,
U448,2014018,Wildlife Computers,Mk10,09A0140,93053,,,Wildlife Computers,Mk10,09A0140,Head,,,Little Leonardo,Kami,,Jaw,,,,,,,,,,,,,,,,,
4551,2014019,Wildlife Computers,Mk10,12A1581,120078,,,Little Leonardo,Kami,,Jaw,,,Wildlife Computers,Mk10,12A1581,Head,,,,,,,,,CameraLogger,,,,,,,,
4587,2014020,Wildlife Computers,Mk10,12A1591,120604,,,Little Leonardo,Kami,,Jaw,,,Wildlife Computers,Mk10,12A1591,Head,,,,,,,,,,,,,,,,,
4078,2014021,Wildlife Computers,SPOT5,13S1533,139053,,,Wildlife Computers,Mk9,1090224,Back,,,,,,,,,,,,,,,,,,,,,,,
3243,2014022,Wildlife Computers,SPOT5,10S0788,101170,,,Wildlife Computers,Mk9,0490857,Back,,,,,,,,,,,,,,,,,,,,,,,
T167,2014023,SMRU,CTD,12933,133774,,,SMRU,CTD,12933,Head,,Bad depth sensor,,,,,,,,,,,,,,,,,,,,,
4259,2014024,SMRU,CTD,12938,133773,,forced end?,SMRU,CTD,12938,Head,,,,,,,,,,,,,,,,,,,,,,,
T379,2014025,SMRU,CTD,12947,133775,,,SMRU,CTD,12947,Head,,,,,,,,,,,,,,,,,,,,,,,
3190,2014026,SMRU,CTD,12950,133777,,forced end?,SMRU,CTD,12950,Head,,,,,,,,,,,,,,,,,,,,,,,
U186,2014027,SMRU,CTD,12953,133778,,,SMRU,CTD,12953,Head,,,,,,,,,,,,,,,,,,,,,,,
T740,2014028,SMRU,CTD,12952,133771,,forced end?,SMRU,CTD,12952,Head,,,,,,,,,,,,,,,,,,,,,,,
6195,2014029,SMRU,CTD,12934,133772,,,SMRU,CTD,12934,Head,,,,,,,,,,,,,,,,,,,,,,,
9720,2014030,SMRU,CTD,12951,133780,,,SMRU,CTD,12951,Head,,,,,,,,,,,,,,,,,,,,,,,
4534,2014031,Wildlife Computers,SPOT5,13S1531,139051,,,Wildlife Computers,Mk9,0490853,Back,,,,,,,,,,,,,,,,,,,,,,,
U 24,2014032,Wildlife Computers,SPOT5,13S1532,139052,,,Wildlife Computers,Mk9,1290217,Back,,,,,,,,,,,,,,,,,,,,,,,
T220,2014033,Wildlife Computers,SPOT5,13S1530,139050,,extrapolated over huge gap,Wildlife Computers,Mk9,1290211,Back,,,,,,,,,,,,,,,,,,,,,,,
3373,2014034,Wildlife Computers,SPOT5,10S0781,101164,,maybe extrapolated over huge gap of forced end and shouldn't have,Wildlife Computers,Mk9,1290213,Back,,,,,,,,,,,,,,,,,,,,,,,
9550,2014035,SMRU,CTDF,12954,137446,,,SMRU,CTDF,12954,Head,,,,,,,,,,,,,,,,,,,,,,,
9507,2014036,SMRU,CTDF,12995,137447,,ended when shouldn't have,SMRU,CTDF,12995,Head,,,,,,,,,,,,,,,,,,,,,,,
X367,2014037,Wildlife Computers,Mk10,12A1794,128636,,weird looking,Wildlife Computers,Mk10,12A1794,Head,,,,,,,,,,,,,,,,,,,,,,,
U448,2014038,Wildlife Computers,Mk10,12A1591,120604,,loopy funk,Wildlife Computers,Mk10,12A1591,Head,,,,,,,,,,,,,,,,,,,,,,,
X721,2014039,SMRU,CTD,12941,133776,,maybe extrapolated over huge gap of forced end and shouldn't have,SMRU,CTD,12941,Head,,,,,,,,,,,,,,,,,,,,,,,
VX518,2014040,SMRU,CTDF,12946,133782,,maybe extrapolated over huge gap of forced end and shouldn't have,SMRU,CTDF,12946,Head,,,,,,,,,,,,,,,,,,,,,,,
9720,2014042,Wildlife Computers,SPOT5,10S0785,101168,,,Wildlife Computers,Mk9,0490359,Back,,,,,,,,,,,,,,,,,,,,,,,
U549,2015001,Wildlife Computers,SPOT5,10S0782,101165,,,Wildlife Computers,Mk9,0490159,Back,,,Little Leonardo,Kami,,Jaw,,,,,,,,,HeadVideo,,,,,,,,
4441,2015002,Wildlife Computers,Mk10,12A1591,12060,,,Little Leonardo,Kami,,Jaw,,,Wildlife Computers,Mk10,12A1591,Head,,,,,,,,,WhiskerVideo,,,,,,,,
X 71,2015003,Wildlife Computers,SPOT5,09S1056,34253,,,Little Leonardo,Kami,,Jaw,,,Wildlife Computers,Mk9,0990461,Back,,,,,,,,,CameraLogger,,,,,,,,
6651,2015004,Wildlife Computers,SPOT5,08S1031,93035,,,Little Leonardo,Kami,,Jaw,,,Wildlife Computers,Mk9,1290211,Back,,,,,,,,,HeadVideo,,,,,,,,
5061,2015005,Wildlife Computers,SPOT5,13S1531,139051,,two tracks,Little Leonardo,Kami,,Jaw,,,Wildlife Computers,Mk9,0490853,Back,,,,,,,,,HeadVideo,,,,,,,,
YN371,2015006,Wildlife Computers,SPOT5,09S1055,34252,,,Little Leonardo,Kami,,Jaw,,,Wildlife Computers,Mk9,0990460,Back,,,,,,,,,HeadVideo,,,,,,,,
X 30,2015007,Wildlife Computers,Mk10,07A0351,34078,,two tracks,Wildlife Computers,Mk9,0490357,Back,,,Little Leonardo,Kami,,Jaw,,KamiLight,,,,,,,HeadVideo,,,,,,,,
9514,2015008,Wildlife Computers,SPOT5,09S1128,98231,,,Wildlife Computers,Mk9,0990460,Back,,,Little Leonardo,Kami,,Jaw,,,,,,,,,HeadVideo,,,,,,,,
6037,2015009,Wildlife Computers,SPOT5,12S1443,128118,,,Wildlife Computers,Mk9,1090225,Back,,,Little Leonardo,Kami,,Jaw,,,,,,,,,HeadVideo,,,,,,,,
4629,2015010,Wildlife Computers,SPOT5,09S1057,34259,,,Wildlife Computers,Mk9,0990434,Back,,,Little Leonardo,Kami,,Jaw,,,,,,,,,HeadVideo,,,,,,,,
6411,2015011,Wildlife Computers,Mk10,07A0339,34071,,also few points,Wildlife Computers,Mk10,07A0339,Head,,,,,,,,,,,,,,,JawVideo,,,,,,,,
VX372,2015012,Wildlife Computers,Mk10,09A0140,93053,,,Wildlife Computers,Mk10,09A0140,Head,,,,,,,,,,,,,,,JawVideo,,,,,,,,
9685,2015013,SMRU,CTD,13230,142321,,,SMRU,CTD,13230,Head,,,,,,,,,,,,,,,,,,,,,,,
4047,2015014,SMRU,CTD,13231,142320,,,SMRU,CTD,13231,Head,,,,,,,,,,,,,,,,,,,,,,,
5421,2015015,SMRU,CTD,13232,142329,,,SMRU,CTD,13232,Head,,,,,,,,,,,,,,,,,,,,,,,
4587,2015016,SMRU,CTD,13268,142317,,,SMRU,CTD,13268,Head,,,,,,,,,,,,,,,,,,,,,,,
6762,2015017,Wildlife Computers,SPOT5,12S0054,148498,,,Little Leonardo,Kami,,Back,,,Wildlife Computers,Mk9,1290212,Jaw,,,,,,,,,HeadVideo,,,,,,,,
X410,2015018,Wildlife Computers,Mk10,12A1583,120079,,,Wildlife Computers,Mk10,12A1583,Head,,,,,,,,,,,,,,,,,,,,,,,
T293,2015019,SMRU,CTD,13265,144392,,,SMRU,CTD,13265,Head,,,,,,,,,,,,,,,,,,,,,,,
X817,2015020,Wildlife Computers,SPOT5,12S0450,120660,,,SMRU,CTD,13266,Head,,,,,,,,,,,,,,,,,,,,,,,
X822,2015026,SMRU,CTD,13270,142319,,,SMRU,CTD,13270,Head,,,,,,,,,,,,,,,,,,,,,,,
X 58,2015027,SMRU,CTD,13229,142322,,,SMRU,CTD,13229,Head,,,,,,,,,,,,,,,,,,,,,,,
9701,2015028,SMRU,CTD,13272,142316,,check,SMRU,CTD,13272,Head,,,,,,,,,,,,,,,,,,,,,,,
X 1,2015029,SMRU,CTD,13189,142318,,,SMRU,CTD,13189,Head,,,,,,,,,,,,,,,,,,,,,,,
5096,2015030,Wildlife Computers,SPOT5,15S0391,150570,,,Wildlife Computers,Mk9,1590112,Back,,,,,,,,,,,,,,,,,,,,,,,
5624,2015031,Wildlife Computers,SPOT5,15S0392,150571,,,Wildlife Computers,Mk9,1590113,Back,,,,,,,,,,,,,,,,,,,,,,,
5430,2015032,Wildlife Computers,SPOT5,15S0390,150569,,,Wildlife Computers,Mk9,1590115,Back,,,,,,,,,,,,,,,,,,,,,,,
5055,2015033,Wildlife Computers,SPOT5,15S0393,150572,,,Wildlife Computers,Mk9,1590116,Back,,,,,,,,,,,,,,,,,,,,,,,
U849,2015034,Wildlife Computers,SPOT5,15S0395,150573,,long extrapolation,Wildlife Computers,Mk9,1590117,Back,,,,,,,,,,,,,,,,,,,,,,,
X717,2015035,SMRU,CTDF,12945,133781,,,SMRU,CTDF,12945,Head,,,,,,,,,,,,,,,,,,,,,,,
6356,2015036,Wildlife Computers,SPOT5,15S0383,150568,,,Wildlife Computers,Mk9,1590111,Back,,,,,,,,,,,,,,,,,,,,,,,
X674,2015037,Wildlife Computers,SPOT5,09S1055,34252,,,Wildlife Computers,Mk9,1290212,Back,,,,,,,,,,,,,,,,,,,,,,,
2193,2015038,Wildlife Computers,MK10,12A1591,120604,,"very few points, prob throw out",Wildlife Computers,Mk10,12A1591,Head,,,,,,,,,,,,,,,,,,,,,,,
4179,2015039,Wildlife Computers,SPOT5,10S0782,101165,,,Wildlife Computers,Mk9,1590114,Back,,,,,,,,,,,,,,,,,,,,,,,
3960,2015040,Wildlife Computers,SPOT5,12S0054,148198,,,Wildlife Computers,Mk9,1090224,Back,,,,,,,,,,,,,,,,,,,,,,,
U 20,2015041,Wildlife Computers,SPOT5,08S1031,93035,,,Wildlife Computers,Mk9,0990434,Back,,,,,,,,,,,,,,,,,,,,,,,
9723,2015042,Wildlife Computers,Mk10,12A1583,120079,,long gaps,Wildlife Computers,Mk10,12A1583,Head,,,,,,,,,,,,,,,,,,,,,,,
X 59,2015043,Wildlife Computers,SPOT5,15S0381,150567,,,Wildlife Computers,Mk9,0990460,Back,,,,,,,,,,,,,,,,,,,,,,,
WP300,2015044,Wildlife Computers,SPOT5,09S1056,34253,,,Wildlife Computers,Mk10,09A0805,Back,,,,,,,,,,,,,,,,,,,,,,,
6012,2015045,Wildlife Computers,SPOT5,09S1057,34259,,,Wildlife Computers,Mk10,08A0901,Back,,,,,,,,,,,,,,,,,,,,,,,
RG187,2015046,SMRU,CTD,13234,142325,,,SMRU,CTD,13234,Head,,,,,,,,,,,,,,,,,,,,,,,
RG185,2015047,SMRU,CTD,13235,142326,,,SMRU,CTD,13235,Head,,,,,,,,,,,,,,,,,,,,,,,
RG184,2015048,SMRU,CTD,12962,142331,,,SMRU,CTD,12962,Head,,,,,,,,,,,,,,,,,,,,,,,
RG191,2015049,SMRU,CTD,13269,142330,,,SMRU,CTD,13269,Head,,,,,,,,,,,,,,,,,,,,,,,
RG180,2015050,SMRU,CTD,13267,142323,,,SMRU,CTD,13267,Head,,,,,,,,,,,,,,,,,,,,,,,
RG178,2015051,SMRU,CTD,13264,142327,,,SMRU,CTD,13264,Head,,,,,,,,,,,,,,,,,,,,,,,
RG182,2015052,SMRU,CTD,13271,142328,,,SMRU,CTD,13271,Head,,,,,,,,,,,,,,,,,,,,,,,
RG176,2015053,SMRU,CTD,13233,142324,,,SMRU,CTD,13233,Head,,,,,,,,,,,,,,,,,,,,,,,
VX358,2016001,SMRU,CTD,12953,133778,,,SMRU,CTD,12953,Head,,,Little Leonardo,Kami,,Jaw,,,,,,,,,,,,,,,,,
T 19,2016002,SMRU,CTD,13230,142321,,,Little Leonardo,Kami,,Jaw,,,SMRU,CTD,13230,Head,,,,,,,,,,,,,,,,,
X411,2016003,SMRU,CTD,13232,142329,,,SMRU,CTD,13232,Head,,,Little Leonardo,Kami,,Jaw,,,,,,,,,,,,,,,,,
3942,2016004,SMRU,CTD,12244,133777,,,Wildlife Computers,Mk9,1090224,Back,,,Little Leonardo,Kami,,Jaw,,,SMRU,CTD,12244,Head,,Dates 4 years off,,,,,,,,,
9678,2016005,SMRU,CTD,13231,142320,,,SMRU,CTD,13231,Head,,,Little Leonardo,Kami,,Jaw,,,,,,,,,,,,,,,,,
5572,2016006,SMRU,CTD,13268,142317,,,SMRU,CTD,13268,Head,,,Little Leonardo,Kami,,Jaw,,,,,,,,,,,,,,,,,
R415,2016007,SMRU,CTD,13367,158375,,,SMRU,CTD,13367,Head,,,Little Leonardo,Kami,,Jaw,,,,,,,,,,,,,,,,,
T341,2016008,SMRU,CTDF,12946,133782,,,SMRU,CTDF,12946,Head,,,,,,,,,,,,,,,,,,,,,,,
4448,2016009,SMRU,CTD,13366,158373,,,SMRU,CTD,13366,Head,,,Little Leonardo,Kami,,Jaw,KamiLight,,,,,,,,,,,,,,,,
T 28,2016010,Wildlife Computers,SPOT5,10S0781,101164,,,Wildlife Computers,Mk9,0990434,Back,,,,,,,,,,,,,,,JawVideo,,,,,,,,
5628,2016011,Wildlife Computers,SPOT5,10S0788,101170,,,Wildlife Computers,Mk9,1590111,Back,,,Little Leonardo,Kami,,Jaw,KamiLight,,,,,,,,,,,,,,,,
6762,2016012,Wildlife Computers,SPOT5,13S1530,139050,,,Wildlife Computers,Mk9,1590117,Back,,,,,,,,,,,,,,,JawVideo,,,,,,,,
U781,2016013,Wildlife Computers,SPOT5,05S1059,62036,,,Little Leonardo,Kami,,Back,,,Wildlife Computers,Mk9,1590144,Jaw,,,,,,,,,HeadVideo,,,,,,,,
X410,2016014,Wildlife Computers,Mk10,12A1581,120078,,,Wildlife Computers,Mk10,12A1581,Head,,,,,,,,,,,,,,,,,,,,,,,
4629,2016015,SMRU,CTD,14197,158374,,,SMRU,CTD,14197,Head,,,,,,,,,,,,,,,,,,,,,,,
5842,2016016,Wildlife Computers,SPOT5,13S1533,139053,,,Wildlife Computers,Mk9,1590115,Back,,,,,,,,,,,,,,,,,,,,,,,
T293,2016017,Wildlife Computers,Mk10,09A0140,93053,,,Wildlife Computers,Mk10,09A0140,Head,,,,,,,,,,,,,,,,,,,,,,,
U689,2016018,SMRU,CTD,12227,158527,,,SMRU,CTD,12227,Head,,,,,,,,,,,,,,,,,,,,,,,
6145,2016019,Wildlife Computers,Mk10,07A0351,34078,,,Wildlife Computers,Mk10,07A0351,Head,,,,,,,,,,,,,,,,,,,,,,,
6037,2016020,Wildlife Computers,Mk10,11A1098,113027,,,Wildlife Computers,Mk10,11A1098,Head,,,,,,,,,,,,,,,,,,,,,,,
T269,2016021,Wildlife Computers,SPOT5,10S0781,101164,,long gap,Wildlife Computers,Mk9,1590113,Back,,,,,,,,,,,,,,,,,,,,,,,
A275,2016022,Wildlife Computers,Mk10,07A0349,34076,,long gap,Wildlife Computers,Mk9,1590115,Back,,,,,,,,,,,,,,,,,,,,,,,
X721,2016023,SMRU,CTD,13270,142319,,,SMRU,CTD,13270,Head,,,,,,,,,,,,,,,,,,,,,,,
X866,2016024,SMRU,CTD,12962,142331,,,SMRU,CTD,12962,Head,,,,,,,,,,,,,,,,,,,,,,,
X685,2016025,SMRU,CTD,12933,133774,,finishes when should not,SMRU,CTD,12933,Head,,no meaningful dive data,,,,,,,,,,,,,,,,,,,,,
6260,2016026,Wildlife Computers,SPOT5,13S1530,139050,,long gap,Wildlife Computers,Mk9,1590116,Back,,,,,,,,,,,,,,,,,,,,,,,
VX570,2016027,SMRU,CTD,13234,142325,,,SMRU,CTD,13234,Head,,,,,,,,,,,,,,,,,,,,,,,
4209,2016028,SMRU,CTD,13189,142318,,,SMRU,CTD,13189,Head,,,,,,,,,,,,,,,,,,,,,,,
T167,2016029,SMRU,CTD,13229,142322,,,SMRU,CTD,13229,Head,,,,,,,,,,,,,,,,,,,,,,,
U398,2016030,SMRU,CTD,13235,142326,,,SMRU,CTD,13235,Head,,,,,,,,,,,,,,,,,,,,,,,
9678,2016031,Wildlife Computers,SPOT5,15S0383,150568,,long gap or finishes where should not,Wildlife Computers,Mk9,1590111,Back,,,,,,,,,,,,,,,,,,,,,,,
5572,2016032,Wildlife Computers,SPOT5,10S0788,101170,,long gap or finishes where should not,Wildlife Computers,Mk9,1590117,Back,,,,,,,,,,,,,,,,,,,,,,,
VX518,2016033,SMRU,CTD,13269,142330,,a land loop,SMRU,CTD,13269,Head,,,,,,,,,,,,,,,,,,,,,,,
5301,2016034,SMRU,CTD,13271,142328,,,SMRU,CTD,13271,Head,,,,,,,,,,,,,,,,,,,,,,,
Y1481,2016035,SMRU,CTD,13264,142327,,,SMRU,CTD,13264,Head,,,,,,,,,,,,,,,,,,,,,,,
6118,2016036,SMRU,CTD,13267,142323,,,SMRU,CTD,13267,Head,,,,,,,,,,,,,,,,,,,,,,,
5842,2016037,Wildlife Computers,SPOT5,15S0390,150569,,long gap,Wildlife Computers,Mk9,1090224,Back,,,,,,,,,,,,,,,,,,,,,,,
7589,2016038,Wildlife Computers,SPOT5,15S0393,150572,,,Wildlife Computers,Mk9,0490857,Back,,,,,,,,,,,,,,,,,,,,,,,
A278,2016039,Wildlife Computers,SPOT6,15U1070,159412,,,Wildlife Computers,Mk9,0490357,Back,,,,,,,,,,,,,,,,,,,,,,,
6298,2016040,Wildlife Computers,SPOT5,15S0392,150571,,,Wildlife Computers,Mk9,0490159,Back,,,,,,,,,,,,,,,,,,,,,,,
6018,2017001,Wildlife Computers,SPOT5,13s1533,139053,,,Wildlife Computers,Mk9,1590113,Back,,,Little Leonardo,Kami,17002,Jaw,KamiLight,,,,,,,,HeadVideo,,,WhiskerVideo,,,,,
U 20,2017002,Wildlife Computers,SPOT5,10s0788,101170,,,Wildlife Computers,Mk9,0990434,Back,,,Little Leonardo,Kami,17003,Jaw,KamiLight,,,,,,,,HeadVideo,,,WhiskerVideo,,,,,
5712,2017003,Wildlife Computers,SPOT5,10s0781,101164,,,Wildlife Computers,Mk9,1590117,Back,,,Little Leonardo,Kami,,,KamiSumLight,,,,,,,,HeadVideo,,,,,,,,
B794,2017004,Wildlife Computers,WC RRD,16U1631,163490,,,Wildlife Computers,Mk10,14A0110,Head,,,Little Leonardo,Kami,16001,Jaw,KamiSumLight,,,,,,,,WhiskerVideo,,,,,,,,
6871,2017005,Wildlife Computers,WC RRD,16U1626,163492,,,Wildlife Computers,Mk10,15A1124,Head,,,,,,,,,,,,,,,,,,,,,,,
5950,2017006,Wildlife Computers,WC RRD,16U1632,163495,,,Wildlife Computers,Mk10,12A1567,Head,,,,,,,,,,,,,,,,,,,,,,,
6767,2017007,Wildlife Computers,WC RRD,16U1628,163493,,two tracks but only one interpolated,Wildlife Computers,Mk10,15A0594,Head,,,,,,,,,,,,,,,,,,,,,,,
7238,2017008,Wildlife Computers,WC RRD,16U1629,163494,,,Wildlife Computers,Mk10,14A0646,Head,,,,,,,,,,,,,,,,,,,,,,,
6260,2017009,Wildlife Computers,SPOT5,13S1530,139050,,,Wildlife Computers,Mk9,1590116,Back,,,,,,,,,,,,,,,,,,,,,,,
4073,2017021,SMRU,CTD,13268,142317,,,SMRU,CTD,13268,Head,,,,,,,,,,,,,,,,,,,,,,,
X 58,2017022,SMRU,CTD,11427,158525,,,SMRU,CTD,11427,Head,,,,,,,,,,,,,,,,,,,,,,,
5976,2017023,SMRU,CTD,11428,158526,,,SMRU,CTD,11428,Head,,,,,,,,,,,,,,,,,,,,,,,
5690,2017024,SMRU,CTD,12953,133778,,,SMRU,CTD,12953,Head,,,,,,,,,,,,,,,,,,,,,,,
5931,2017025,SMRU,CTD,12933,133774,,,SMRU,CTD,12933,Head,,,,,,,,,,,,,,,,,,,,,,,
7210,2017026,SMRU,CTD,12227,158527,,,SMRU,CTD,12227,Head,,tdr has depth jumps,,,,,,,,,,,,,,,,,,,,,
5924,2017027,SMRU,CTD,13367,158375,,,SMRU,CTD,13367,Head,,,,,,,,,,,,,,,,,,,,,,,
7402,2017028,SMRU,CTD,13231,142320,,,SMRU,CTD,13231,Head,,,,,,,,,,,,,,,,,,,,,,,
7401,2017029,SMRU,CTD,13189,142318,,,SMRU,CTD,13189,Head,,,,,,,,,,,,,,,,,,,,,,,
7290,2017030,SMRU,CTD,13267,142323,,,SMRU,CTD,13267,Head,,,,,,,,,,,,,,,,,,,,,,,
4441,2018001,SMRU,CTDF,14675,174090,,,Little Leonardo,Kami,16001,Jaw,,KamiSumLight,SMRU,CTDF,14675,Head,,,,,,,,,,,,,,,,,
X553,2018002,SMRU,CTDF,14683,174091,,,Little Leonardo,Kami,16002,Jaw,,KamiSumLight,SMRU,CTDF,14683,Head,,only 6 days of data,,,,,,,,,,,,,,,
C929,2018003,SMRU,CTDF,14423,133781,,,SMRU,CTDF,14423,Back,,,Wildlife Computers,Mk9,0490159,Head,,,,,,,,,,,,,,,,,
X 71,2018004,SMRU,CTDF,12946,133782,,,Wildlife Computers,Mk9,0490857,Head,,,SMRU,CTDF,12946,Back,,depth range 0 to 20m,,,,,,,,,,,,,,,
7510,2018005,Wildlife Computers,Solar SPLASH,17A0035,174451,,,Wildlife Computers,Solar SPLASH,17A0035,Head,,,Lotek,LotekGeoLoc,L01299,,,,,,,,,,WhiskerCamera,Cheek,,,,,,,
X817,2018006,Wildlife Computers,Solar SPLASH,17A0037,174453,,,Wildlife Computers,Solar SPLASH,17A0037,Head,,,Little Leonardo,Kami,17039,Jaw,,KamiSumLight,,LotekGeoLoc,L01291,,,,WhiskerCamera,Cheek,,,,,,,
WP836,2018007,Wildlife Computers,Solar SPLASH,17A0036,174452,,,Wildlife Computers,Solar SPLASH,17A0036,Head,,,Lotek,LotekGeoLoc,L01285,,,,,Kami,KL7038,Jaw,,KamiSumLight,Video,,,,,,,,
7532,2018008,Wildlife Computers,Solar SPLASH,16A0372,174454,,,Wildlife Computers,Solar SPLASH,16A0372,Head,,,,,,,,,,,,,,,,,,,,,,,
Y9268,2018009,Lotek,,P03460,41112,,,Wildlife Computers,Mk9,1590111,Back,,,Lotek,LotekGeoLoc,L01294,,,,,,,,,,,,,,,,,,
9723,2018021,SMRU,CTD,13269,142330,,,SMRU,CTD,13269,Head,,,,,,,,,,,,,,,,,,,,,,,
7818,2018022,SMRU,CTD,13231,142320,,,SMRU,CTD,13231,Head,,,,,,,,,,,,,,,,,,,,,,,
X674,2018023,SMRU,CTD,13366,158373,,,SMRU,CTD,13366,Head,,,,,,,,,,,,,,,,,,,,,,,
7673,2018024,SMRU,CTD,13367,158375,,,SMRU,CTD,13367,Head,,,,,,,,,,,,,,,,,,,,,,,
7019,2018025,SMRU,CTD,12953,133778,,,SMRU,CTD,12953,Head,,,,,,,,,,,,,,,,,,,,,,,
6286,2018026,SMRU,CTD,13235,142326,,,SMRU,CTD,13235,Head,,,,,,,,,,,,,,,,,,,,,,,
6609,2018027,SMRU,CTD,12933,133774,,,SMRU,CTD,12933,Head,,,,,,,,,,,,,,,,,,,,,,,
4078,2018028,SMRU,CTD,12227,158527,,,SMRU,CTD,12227,Head,,,,,,,,,,,,,,,,,,,,,,,
9655,2018029,SMRU,CTDF,14675,174090,,,Wildlife Computers,Mk9,0490857,Back,,,SMRU,CTDF,14675,Head,,,,,,,,,,,,,,,,,
X 1,2018030,SMRU,CTD,11428,158526,,,Wildlife Computers,Mk9,1590116,Back,,,SMRU,CTD,11428,Head,,,,,,,,,,,,,,,,,
5974,2018031,SMRU,CTDF,14767,174091,,,Wildlife Computers,Mk9,1590115,Back,,,SMRU,CTDF,14767,Head,,,,,,,,,,,,,,,,,
PM695,2018032,SMRU,CTDF,12995,137447,,,Wildlife Computers,Mk9,0490159,Back,,,SMRU,CTDF,12995,Head,,,,,,,,,,,,,,,,,
U539,2018033,SMRU,CTDF,14423,133781,,,Wildlife Computers,Mk9,1590113,Back,,,SMRU,CTDF,14423,Head,,,,,,,,,,,,,,,,,
6564,2018034,SMRU,CTD,11427,158525,,,Wildlife Computers,Mk9,1590117,Back,,,SMRU,CTD,11427,Head,,,,,,,,,,,,,,,,,
A728,2019001,Wildlife Computers,SPOT6,18U1660,178224,,,Wildlife Computers,Mk9,1790248,Back,,,,,,,,,,,,,,,,,,,,,,,
7873,2019002,Wildlife Computers,SPOT6,18U1757,178228,,,Wildlife Computers,Mk9,1790257,Back,,,,,,,,,,,,,,,,,,,,,,,
B800,2019003,Wildlife Computers,SPOT6,18U1661,178225,,,Wildlife Computers,Mk9,1790258,Back,,,,,,,,,,,,,,,WhiskerCamera,Cheek,,BackCamera,,,,,
9906,2019004,Wildlife Computers,SPOT6,18U1582,178222,,,Wildlife Computers,Mk9,1790260,Back,,,,,,,,,,,,,,,,,,,,,,,
4179,2019005,Wildlife Computers,SPOT6,18U1747,178227,,,Wildlife Computers,Mk9,1790262,Back,,,,,,,,,,,,,,,WhiskerCamera,Cheek,,BackCamera,,,,,
7694,2019006,SMRU,CTDF,14959,178231,,,Wildlife Computers,Mk9,1590116,Back,,,SMRU,CTDF,14959,Head,,,,,,,,,,,,,,,,,
5684,2019007,SMRU,CTD,12946,133782,,,SMRU,CTD,12946,Head,,,,,,,,,,,,,,,,,,,,,,,
5689,2019008,SMRU,CTDF,14950,178229,,,Wildlife Computers,Mk9,1590117,Back,,,SMRU,CTDF,14950,Head,,,,,,,,,,,,,,,,,
5628,2019009,SMRU,CTDF,14960,178230,,,Wildlife Computers,Mk9,1590115,Back,,,SMRU,CTDF,14960,Head,,,,,,,,,,,,,,,,,
7865,2019010,SMRU,CTD,12941,178649,,,SMRU,CTD,12941,Head,,,,,,,,,,,,,,,,,,,,,,,
7606,2019021,Wildlife Computers,SPOT6,18U1660,178224,,,Wildlife Computers,Mk9,1790258,Back,,,,,,,,,,,,,,,,,,,,,,,
7507,2019022,Wildlife Computers,SPOT6,18U1661,178225,,,Wildlife Computers,Mk9,1790248,Back,,Faulty depth sensor,,,,,,,,,,,,,,,,,,,,,
6299,2019023,Wildlife Computers,SPOT6,18U1757,178228,,,Wildlife Computers,Mk9,1790262,Back,,,,,,,,,,,,,,,,,,,,,,,
A572,2019024,Wildlife Computers,Mk10,19A0004,182073,,,Wildlife Computers,Mk10,19A0004,Head,,,,,,,,,,,,,,,,,,,,,,,
6111,2019025,Wildlife Computers,Mk10,19A0003,182072,,,Wildlife Computers,Mk10,19A0003,Head,,,,,,,,,,,,,,,,,,,,,,,
9613,2019026,Wildlife Computers,SPOT6,18U1583,178223,,,Wildlife Computers,Mk9,1890304,Back,,,,,,,,,,,,,,,,,,,,,,,
7904,2019027,Wildlife Computers,Mk10,19A0002,182071,,,Wildlife Computers,Mk10,19A0002,Head,,,,,,,,,,,,,,,,,,,,,,,
5430,2019028,SMRU,CTDF,14415,133778,,,Wildlife Computers,Mk9,1590116,Back,,,SMRU,CTDF,14415,Head,,,,,,,,,,,,,,,,,
5787,2019029,SMRU,CTD,12227,158527,,,SMRU,CTD,12227,Head,,,,,,,,,,,,,,,,,,,,,,,
7038,2019030,SMRU,CTD,13367,158375,,,SMRU,CTD,13367,Head,,,,,,,,,,,,,,,,,,,,,,,
7589,2019031,SMRU,CTD,13235,142326,,,SMRU,CTD,13235,Head,,,,,,,,,,,,,,,,,,,,,,,
9032,2020002,Wildlife Computers,MK10,19A0001,182070,,,Wildlife Computers,MK10,19A0001,Head,,,,,,,,,,,,,,,,,,,,,,,
A248,2020003,Wildlife Computers,MK10,19A0005,182074,,,Wildlife Computers,MK10,19A0005,Head,,,,,,,,,,,,,,,,,,,,,,,
B800,2020004,SMRU,CTDF,14950,178229,,has no start,Wildlife Computers,Mk9,1390304,Back,,,Little Leonardo,Kami,K20042,Jaw,,,SMRU,CTDF,14950,Head,,,,,,,,,,,
9125,2020005,SMRU,CTDF,14959,178231,,has no start,Wildlife Computers,Mk9,1790259,Back,,,Little Leonardo,Kami,K20044,Jaw,,,SMRU,CTDF,14959,Head,,,,,,,,,,,
6767,2020006,SMRU,Body Comp,20001,Did not transmit,,,Wildlife Computers,Mk9,1790248,Back,,Faulty depth sensor,,,,,,,,,,,,,,,,,,,,,
WP553,2020007,Wildlife Computers,SPOT,18U1583,178223,,,Wildlife Computers,Mk9,1790258,Back,,Faulty depth sensor,,,,,,,,,,,,,,,,,,,,,
A815,2020008,SMRU,Body Comp,20002,Did not transmit,,,Wildlife Computers,Mk9,1790262,Back,,,Little Leonardo,Kami,K20040,Jaw,,KamiLight,,,,,,,,,,,,,,,
A561,2020009,SMRU,Body Comp,20003,Did not transmit,,,Wildlife Computers,Mk9,0990434,Back,,,Little Leonardo,Kami,K20041,Jaw,,,,,,,,,,,,,,,,,
7237,2020010,SMRU,Body Comp,20004,Did not transmit,,,Wildlife Computers,Mk9,1590116,Back,,,,,,,,,,,,,,,,,,,,,,,
4822,2020011,SMRU,Body Comp,20005,Did not transmit,,,Wildlife Computers,Mk9,0490159,Back,,,Little Leonardo,Kami,K20043,Jaw,,,,,,,,,,,,,,,,,
A132,2020012,Wildlife Computers,MK10,19A0003,182072,,,Wildlife Computers,MK10,19A0003,Head,,,,,,,,,,,,,,,,,,,,,,,
A881,2020013,SMRU,CTD,13231,142320,,,SMRU,CTD,13231,Head,,,,,,,,,,,,,,,,,,,,,,,
B40,2020014,Wildlife Computers,SPOT,18U1667,178226,,,Wildlife Computers,Mk9,1890304,Back,,,,,,,,,,,,,,,,,,,,,,,
4209,2020015,Wildlife Computers,SPOT,17U0353,159412,,,Wildlife Computers,Mk9,1790258,Back,,Faulty depth sensor,,,,,,,,,,,,,,,,,,,,,
6111,2020016,SMRU,Body Comp,20006,46092,,,Wildlife Computers,Mk9,1790259,Back,,,,,,,,,,,,,,,,,,,,,,,
7294,2020017,SMRU,Body Comp,20007,46074,,,Wildlife Computers,Mk9,1790262,Back,,Faulty depth sensor,,,,,,,,,,,,,,,,,,,,,
A278,2020018,Wildlife Computers,MK10,19A0002,182071,,,Wildlife Computers,MK10,19A0002,Head,,,,,,,,,,,,,,,,,,,,,,,
9838,2020019,Wildlife Computers,MK10,19A0003,182072,,,Wildlife Computers,MK10,19A0003,Head,,,,,,,,,,,,,,,,,,,,,,,
6298,2020020,SMRU,CTD,11427,158525,,,SMRU,CTD,11427,Head,,,,,,,,,,,,,,,,,,,,,,,
9064,2020021,Wildlife Computers,SPLASH test,19U2803,91982,,,Wildlife Computers,SPLASH test,19U2803,Head,,,,,,,,,,,,,,,,,,,,,,,
5974,2020022,Wildlife Computers,SPLASH test,19U3085,174514,,,Wildlife Computers,Mk9,1990167,Back,,,Wildlife Computers,SPLASH test,19U3085,Head,,,,,,,,,,,,,,,,,
B66,2020023,Wildlife Computers,SPLASH test,19U3086,174515,,,Wildlife Computers,Mk9,1990162,Back,,,Wildlife Computers,SPLASH test,19U3086,Head,,,,,,,,,,,,,,,,,
6609,2020024,Wildlife Computers,SPLASH test,19U3091,174516,,,Wildlife Computers,Mk9,1990166,Back,,,Wildlife Computers,SPLASH test,19U3091,Head,,,,,,,,,,,,,,,,,
6012,2020025,Wildlife Computers,SPLASH test,19U3079,174513,,,Wildlife Computers,Mk9,1990165,Back,,,Wildlife Computers,SPLASH test,19U3079,Head,,,,,,,,,,,,,,,,,
A11,2021001,Wildlife Computers,Mk10,19A0005,182074,,,Wildlife Computers,Mk10,19A0005,Head,,,,,,,,,,,,,,,AcousticDummy,Back,,,,,,,
A731,2021002,Wildlife Computers,Mk10,19A0001,182070,,,Wildlife Computers,Mk10,19A0001,Head,,,,,,,,,,,,,,,AcousticDummy,Back,,,,,,,
3943,2021003,SMRU,GPS,15419,210331,,,SMRU,GPS,15419,Head,,,Loggerhead Instruments,Acoustic,139,Back,,,,,,,,,,,,,,,,,
4495,2021004,SMRU,GPS,15423,210335,,,SMRU,GPS,15423,Head,,,Loggerhead Instruments,Acoustic,48,Back,,,,,,,,,,,,,,,,,
B911,2021005,SMRU,CTDF,15262,201388,,,SMRU,CTDF,15262,Head,,,Little Leonardo,Kami,K0044,Jaw,,,,,,,,,O2BackSensor,Back,,,,,,,
X822,2021006,SMRU,GPS,15418,210330,,,SMRU,GPS,15418,Head,,,,,,,,,,,,,,,AcousticDummy,Back,,,,,,,
4441,2021007,SMRU,GPS,15420,210332,,,SMRU,GPS,15420,Head,,,,,,,,,,,,,,,AcousticDummy,Back,,,,,,,
7694,2021008,SMRU,GPS,15417,210329,,,SMRU,GPS,15417,Head,,,Loggerhead Instruments,Acoustic,142,Back,,,,,,,,,,,,,,,,,
A572,2021009,SMRU,GPS,15422,210334,,,SMRU,GPS,15422,Head,,,Loggerhead Instruments,Acoustic,141,Back,,,,,,,,,,,,,,,,,
4047,2021010,SMRU,GPS,15421,210333,,,SMRU,GPS,15421,Head,,,Loggerhead Instruments,Acoustic,45,Back,,,,,,,,,,,,,,,,,
7904,2021011,SMRU,GPS,15424,210336,,,SMRU,GPS,15424,Head,,,Loggerhead Instruments,Acoustic,50,Back,,,,,,,,,,,,,,,,,
7019,2021012,SMRU,GPS,15425,210337,,,SMRU,GPS,15425,Head,,,Loggerhead Instruments,Acoustic,,Back,,,,,,,,,,,,,,,,,
Y9268,2021013,SMRU,CTDF,15261,201387,,,SMRU,CTDF,15261,Head,,,Little Leonardo,Kami,K032,Jaw,,,,,,,,,O2BackSensor,Back,,,,,,,
7873,2021014,SMRU,CTDF,15258,201389,,,SMRU,CTDF,15258,Head,,,Little Leonardo,Kami,K20042,Jaw,,,,,,,,,O2BackSensor,Back,,,,,,,
X780,2021015,SMRU,CTDF,15260,201386,,,SMRU,CTDF,15260,Head,,,Little Leonardo,Kami,K034,Jaw,,,,,,,,,O2BackSensor,Back,,,,,,,
U448,2021016,SMRU,GPS,15416,210328,,,SMRU,GPS,15416,Head,,,Loggerhead Instruments,Acoustic,140,Back,,,,,,,,,,,,,,,,,
H627,2021017,SMRU,Body Comp,20010,46084,,,SMRU,Body Comp,20010,Head,,,,,,,,,,,,,,,,,,,,,,,
H622,2021018,SMRU,Body Comp,20011,46087,,,SMRU,Body Comp,20011,Head,,,,,,,,,,,,,,,,,,,,,,,
D423,2021019,SMRU,Body Comp,20004,48923,,,SMRU,Body Comp,20004,Head,,,,,,,,,,,,,,,,,,,,,,,
H668,2021020,SMRU,Body Comp,20002,43856,,,SMRU,Body Comp,20002,Head,,,,,,,,,,,,,,,,,,,,,,,
H670,2021021,SMRU,Body Comp,20003,43859,,,SMRU,Body Comp,20003,Head,,,,,,,,,,,,,,,,,,,,,,,
C267,2021022,SMRU,Body Comp,20008,46075,,,SMRU,Body Comp,20008,Head,,,,,,,,,,,,,,,,,,,,,,,
6617,2022001,SMRU,GPS,15628,229000,,,SMRU,GPS,15628,Head,,,,,,,,,,,,,,,,,,,,,,,
A246,2022002,SMRU,GPS,15630,229002,,,SMRU,GPS,15630,Head,,,,,,,,,,,,,,,,,,,,,,,
B 92,2022003,SMRU,GPS,15624,228996,,,SMRU,GPS,15624,Head,,,,,,,,,,,,,,,,,,,,,,,
9079,2022004,SMRU,GPS,15633,229005,,,SMRU,GPS,15633,Head,,,,,,,,,,,,,,,,,,,,,,,
7939,2022005,SMRU,GPS,15629,229001,,,SMRU,GPS,15629,Head,,,,,,,,,,,,,,,,,,,,,,,
A964,2022006,SMRU,CTDF,15263,201389,,,SMRU,CTDF,15263,Head,,,Little Leonardo,Kami,,Jaw,,,,,,,,,,,,,,,,,
6066,2022007,SMRU,CTDF,15262,201388,,,SMRU,CTDF,15262,Head,,,Little Leonardo,Kami,,Jaw,,,,,,,,,,,,,,,,,
5698,2022008,SMRU,GPS,15623,228995,,,SMRU,GPS,15623,Head,,,,,,,,,,,,,,,,,,,,,,,
VX518,2022009,SMRU,GPS,15631,229003,,,SMRU,GPS,15631,Head,,,,,,,,,,,,,,,,,,,,,,,
WP522,2022010,SMRU,GPS,15626,228998,,,SMRU,GPS,15626,Head,,,,,,,,,,,,,,,,,,,,,,,
6564,2022011,SMRU,GPS,15622,228994,,,SMRU,GPS,15622,Head,,,,,,,,,,,,,,,,,,,,,,,
7038,2022012,SMRU,GPS,15424,210336,,,SMRU,GPS,15424,Head,,,,,,,,,,,,,,,,,,,,,,,
7666,2022013,SMRU,CTDF,15260,201386,,,SMRU,CTDF,15260,Head,,,Little Leonardo,Kami,,Jaw,,,,,,,,,,,,,,,,,
B702,2022014,SMRU,CTDF,15258,201384,,,SMRU,CTDF,15258,Head,,,Little Leonardo,Kami,,Jaw,,,,,,,,,,,,,,,,,
B350,2022015,SMRU,CTD,15593,228988,,,SMRU,CTD,15593,Head,,,Little Leonardo,Kami,,Jaw,,,,,,,,,,,,,,,,,
9888,2022016,SMRU,GPS,15421,210333,,,SMRU,GPS,15421,Head,,,,,,,,,,,,,,,,,,,,,,,
3740,2022017,SMRU,GPS,15425,210337,,,SMRU,GPS,15425,Head,,,,,,,,,,,,,,,,,,,,,,,
5684,2022018,SMRU,GPS,15416,210328,,,SMRU,GPS,15416,Head,,,,,,,,,,,,,,,,,,,,,,,
A254,2022019,SMRU,GPS,15419,210331,,,SMRU,GPS,15419,Head,,,,,,,,,,,,,,,,,,,,,,,
4064,2022020,SMRU,GPS,15422,210334,,,SMRU,GPS,15422,Head,,,,,,,,,,,,,,,,,,,,,,,
9899,2022021,SMRU,GPS,15417,210329,,,SMRU,GPS,15417,Head,,,,,,,,,,,,,,,,,,,,,,,
4448,2022022,SMRU,GPS,15418,210330,,,SMRU,GPS,15418,Head,,,,,,,,,,,,,,,,,,,,,,,
X 1,2022023,SMRU,CTD,15595,228990,,,SMRU,CTD,15595,Head,,,Little Leonardo,Kami,,Jaw,,,,,,,,,,,,,,,,,
6609,2022024,SMRU,GPS,15627,228999,,,SMRU,GPS,15627,Head,,,,,,,,,,,,,,,,,,,,,,,
